"species","latitude","longitude","date_obs","source"
"Impatiens glandulifera",47.39494,9.51138,2025-01-13,"gbif"
"Impatiens glandulifera",47.30331,9.30054,2025-01-31,"gbif"
"Impatiens glandulifera",47.4031,8.18971,2025-01-08,"gbif"
"Impatiens glandulifera",47.40378,8.19036,2025-01-08,"gbif"
"Impatiens glandulifera",47.32772,9.39163,2025-01-31,"gbif"
"Impatiens glandulifera",47.37693,8.19179,2025-01-08,"gbif"
"Impatiens glandulifera",47.40407,8.19646,2025-01-08,"gbif"
"Impatiens glandulifera",47.40189,8.19791,2025-01-08,"gbif"
"Impatiens glandulifera",47.40278,8.18911,2025-01-08,"gbif"
"Impatiens glandulifera",47.37479,8.19983,2025-01-08,"gbif"
"Impatiens glandulifera",47.30343,9.25498,2025-01-31,"gbif"
"Impatiens glandulifera",47.30386,9.2498,2025-01-31,"gbif"
"Impatiens glandulifera",47.39556,8.18635,2025-01-08,"gbif"
"Impatiens glandulifera",47.3999,8.19258,2025-01-08,"gbif"
"Impatiens glandulifera",47.40176,8.19539,2025-01-08,"gbif"
"Impatiens glandulifera",47.39975,8.19865,2025-01-08,"gbif"
"Impatiens glandulifera",47.39913,8.1906,2025-01-08,"gbif"
"Impatiens glandulifera",47.39913,8.19697,2025-01-08,"gbif"
"Impatiens glandulifera",47.50297,8.90972,2025-02-05,"gbif"
"Impatiens glandulifera",47.51154,8.90131,2025-02-05,"gbif"
"Impatiens glandulifera",47.50547,8.89995,2025-02-05,"gbif"
"Impatiens glandulifera",47.41767,8.65399,2025-02-08,"gbif"
"Impatiens glandulifera",47.51997,8.90502,2025-02-04,"gbif"
"Impatiens glandulifera",47.51997,8.90876,2025-02-04,"gbif"
"Impatiens glandulifera",47.50977,8.8999,2025-02-05,"gbif"
"Impatiens glandulifera",47.50455,8.89914,2025-02-05,"gbif"
"Impatiens glandulifera",47.41894,8.65024,2025-02-08,"gbif"
"Impatiens glandulifera",47.50322,8.90701,2025-02-05,"gbif"
"Impatiens glandulifera",47.5136,8.90526,2025-02-05,"gbif"
"Impatiens glandulifera",47.5185,8.90485,2025-02-04,"gbif"
"Impatiens glandulifera",47.23014,8.97684,2025-02-14,"gbif"
"Impatiens glandulifera",47.23091,8.96364,2025-02-14,"gbif"
"Impatiens glandulifera",47.22972,8.98918,2025-02-14,"gbif"
"Impatiens glandulifera",47.22783,8.97466,2025-02-14,"gbif"
"Impatiens glandulifera",47.41086,8.07986,2025-02-26,"gbif"
"Impatiens glandulifera",47.32091,8.10716,2025-02-17,"gbif"
"Impatiens glandulifera",47.31063,8.12178,2025-02-18,"gbif"
"Impatiens glandulifera",47.41124,8.07831,2025-02-26,"gbif"
"Impatiens glandulifera",47.32227,8.09521,2025-02-17,"gbif"
"Impatiens glandulifera",47.31022,8.1121,2025-02-13,"gbif"
"Impatiens glandulifera",47.4242,8.06956,2025-02-26,"gbif"
"Impatiens glandulifera",47.32006,8.09758,2025-02-17,"gbif"
"Impatiens glandulifera",47.31051,8.1214,2025-02-18,"gbif"
"Impatiens glandulifera",47.32267,8.09438,2025-02-17,"gbif"
"Impatiens glandulifera",47.579021,8.887305,2025-03-28,"gbif"
"Impatiens glandulifera",47.579115,8.8881,2025-03-28,"gbif"
"Impatiens glandulifera",47.42016,8.65419,2025-03-01,"gbif"
"Impatiens glandulifera",47.42085,8.65458,2025-03-01,"gbif"
"Impatiens glandulifera",47.40983,8.6684,2025-03-22,"gbif"
"Impatiens glandulifera",47.41017,8.66921,2025-03-22,"gbif"
"Impatiens glandulifera",47.40973,8.66942,2025-03-22,"gbif"
"Impatiens glandulifera",47.51432,9.05676,2025-03-13,"gbif"
"Impatiens glandulifera",47.41001,8.67003,2025-03-22,"gbif"
"Impatiens glandulifera",47.45343,9.52482,2025-03-03,"gbif"
"Impatiens glandulifera",47.45359,9.52497,2025-03-03,"gbif"
"Impatiens glandulifera",47.42532,8.10165,2025-03-10,"gbif"
"Impatiens glandulifera",47.33183,8.09232,2025-03-10,"gbif"
"Impatiens glandulifera",47.45698,8.09975,2025-03-10,"gbif"
"Impatiens glandulifera",47.45688,8.09777,2025-03-15,"gbif"
"Impatiens glandulifera",47.42393,8.09706,2025-03-10,"gbif"
"Impatiens glandulifera",47.42607,8.10655,2025-03-10,"gbif"
"Impatiens glandulifera",47.40904,8.20155,2025-03-02,"gbif"
"Impatiens glandulifera",47.42783,8.1031,2025-03-10,"gbif"
"Impatiens glandulifera",46.78223,9.24869,2025-04-22,"gbif"
"Impatiens glandulifera",47.47431,8.18881,2025-04-25,"gbif"
"Impatiens glandulifera",47.56359,8.8957,2025-04-27,"gbif"
"Impatiens glandulifera",47.53356,7.62202,2025-04-17,"gbif"
"Impatiens glandulifera",47.47436,8.18853,2025-04-25,"gbif"
"Impatiens glandulifera",47.53375,7.622,2025-04-17,"gbif"
"Impatiens glandulifera",46.17261,8.87426,2025-04-08,"gbif"
"Impatiens glandulifera",46.33374,8.80494,2025-04-26,"gbif"
"Impatiens glandulifera",47.56362,8.89574,2025-04-27,"gbif"
"Impatiens glandulifera",47.47399,8.18966,2025-04-25,"gbif"
"Impatiens glandulifera",47.53396,7.62226,2025-04-17,"gbif"
"Impatiens glandulifera",47.55224,8.98422,2025-04-26,"gbif"
"Impatiens glandulifera",47.47509,8.18778,2025-04-10,"gbif"
"Impatiens glandulifera",47.24968,9.50289,2025-04-29,"gbif"
"Impatiens glandulifera",47.57904,8.88729,2025-04-27,"gbif"
"Impatiens glandulifera",46.65752,6.95081,2025-04-26,"gbif"
"Impatiens glandulifera",47.27604,7.97739,2025-04-25,"gbif"
"Impatiens glandulifera",47.27509,7.98009,2025-04-25,"gbif"
"Impatiens glandulifera",47.43932,9.15623,2025-04-23,"gbif"
"Impatiens glandulifera",47.43412,9.15955,2025-04-23,"gbif"
"Impatiens glandulifera",47.43383,9.16061,2025-04-23,"gbif"
"Impatiens glandulifera",47.27686,7.98008,2025-04-25,"gbif"
"Impatiens glandulifera",47.43917,9.15815,2025-04-23,"gbif"
"Impatiens glandulifera",47.27821,7.97913,2025-04-25,"gbif"
"Impatiens glandulifera",47.4386,9.15679,2025-04-23,"gbif"
"Impatiens glandulifera",47.43575,9.1614,2025-04-23,"gbif"
"Impatiens glandulifera",47.43721,9.15973,2025-04-23,"gbif"
"Impatiens glandulifera",47.43177,9.16761,2025-04-23,"gbif"
"Impatiens glandulifera",47.43426,9.15971,2025-04-23,"gbif"
"Impatiens glandulifera",47.43942,9.15756,2025-04-23,"gbif"
"Impatiens glandulifera",47.43621,9.16165,2025-04-23,"gbif"
"Impatiens glandulifera",47.42628,9.18275,2025-04-23,"gbif"
"Impatiens glandulifera",47.43293,9.1718,2025-04-23,"gbif"
"Impatiens glandulifera",47.42752,9.18311,2025-04-23,"gbif"
"Impatiens glandulifera",47.27235,7.97163,2025-04-28,"gbif"
"Impatiens glandulifera",47.27706,7.97832,2025-04-25,"gbif"
"Impatiens glandulifera",47.43814,9.15472,2025-04-23,"gbif"
"Impatiens glandulifera",47.43824,9.15645,2025-04-23,"gbif"
"Impatiens glandulifera",47.42642,9.18219,2025-04-23,"gbif"
"Impatiens glandulifera",47.42838,9.18055,2025-04-23,"gbif"
"Impatiens glandulifera",47.43744,9.16003,2025-04-23,"gbif"
"Impatiens glandulifera",47.42791,9.18122,2025-04-23,"gbif"
"Impatiens glandulifera",47.28244,7.96892,2025-04-25,"gbif"
"Impatiens glandulifera",47.43866,9.15528,2025-04-23,"gbif"
"Impatiens glandulifera",47.42852,9.18033,2025-04-23,"gbif"
"Impatiens glandulifera",47.43373,9.16042,2025-04-23,"gbif"
"Impatiens glandulifera",47.43764,9.16022,2025-04-23,"gbif"
"Impatiens glandulifera",47.43399,9.16633,2025-04-23,"gbif"
"Impatiens glandulifera",47.43628,9.16182,2025-04-23,"gbif"
"Impatiens glandulifera",47.27562,7.98119,2025-04-25,"gbif"
"Impatiens glandulifera",47.42726,9.18282,2025-04-23,"gbif"
"Impatiens glandulifera",47.2711,9.51673,2025-04-15,"gbif"
"Impatiens glandulifera",47.27077,7.96625,2025-04-28,"gbif"
"Impatiens glandulifera",47.27223,7.96539,2025-04-28,"gbif"
"Impatiens glandulifera",47.43925,9.15757,2025-04-23,"gbif"
"Impatiens glandulifera",47.43935,9.15712,2025-04-23,"gbif"
"Impatiens glandulifera",47.27905,7.97869,2025-04-25,"gbif"
"Impatiens glandulifera",47.4282,9.18095,2025-04-23,"gbif"
"Impatiens glandulifera",47.43682,9.15912,2025-04-23,"gbif"
"Impatiens glandulifera",47.43407,9.16779,2025-04-23,"gbif"
"Impatiens glandulifera",47.43575,9.16171,2025-04-23,"gbif"
"Impatiens glandulifera",47.43915,9.15811,2025-04-23,"gbif"
"Impatiens glandulifera",47.42798,9.18234,2025-04-23,"gbif"
"Impatiens glandulifera",47.42439,8.12609,2025-04-28,"gbif"
"Impatiens glandulifera",47.43161,9.17482,2025-04-23,"gbif"
"Impatiens glandulifera",47.27526,7.97554,2025-04-25,"gbif"
"Impatiens glandulifera",47.27072,7.9715,2025-04-28,"gbif"
"Impatiens glandulifera",47.27719,7.98591,2025-04-25,"gbif"
"Impatiens glandulifera",47.27344,7.96364,2025-04-28,"gbif"
"Impatiens glandulifera",47.27324,7.96915,2025-04-28,"gbif"
"Impatiens glandulifera",47.42804,9.18188,2025-04-23,"gbif"
"Impatiens glandulifera",47.4308,9.17251,2025-04-23,"gbif"
"Impatiens glandulifera",47.4349,9.16142,2025-04-23,"gbif"
"Impatiens glandulifera",47.28936,7.96187,2025-04-25,"gbif"
"Impatiens glandulifera",47.29147,7.96268,2025-04-25,"gbif"
"Impatiens glandulifera",47.27462,7.96142,2025-04-28,"gbif"
"Impatiens glandulifera",47.28167,7.98359,2025-04-25,"gbif"
"Impatiens glandulifera",47.28319,7.96826,2025-04-25,"gbif"
"Impatiens glandulifera",47.42661,9.18183,2025-04-23,"gbif"
"Impatiens glandulifera",47.43422,9.15984,2025-04-23,"gbif"
"Impatiens glandulifera",47.43726,9.15969,2025-04-23,"gbif"
"Impatiens glandulifera",47.43366,9.15947,2025-04-23,"gbif"
"Impatiens glandulifera",47.42756,9.18236,2025-04-23,"gbif"
"Impatiens glandulifera",47.4392,9.15585,2025-04-23,"gbif"
"Impatiens glandulifera",47.28679,7.9606,2025-04-25,"gbif"
"Impatiens glandulifera",47.43814,9.15436,2025-04-23,"gbif"
"Impatiens glandulifera",47.428,9.1827,2025-04-23,"gbif"
"Impatiens glandulifera",47.43384,9.16056,2025-04-23,"gbif"
"Impatiens glandulifera",47.43872,9.15374,2025-04-23,"gbif"
"Impatiens glandulifera",47.433,9.17137,2025-04-23,"gbif"
"Impatiens glandulifera",47.4266,9.18228,2025-04-23,"gbif"
"Impatiens glandulifera",47.30393,8.07227,2025-04-28,"gbif"
"Impatiens glandulifera",47.27394,7.96847,2025-04-28,"gbif"
"Impatiens glandulifera",47.27085,7.97714,2025-04-28,"gbif"
"Impatiens glandulifera",47.29063,7.96014,2025-04-25,"gbif"
"Impatiens glandulifera",47.42947,9.17805,2025-04-23,"gbif"
"Impatiens glandulifera",47.43414,9.16042,2025-04-23,"gbif"
"Impatiens glandulifera",47.43793,9.159,2025-04-23,"gbif"
"Impatiens glandulifera",47.30045,7.98907,2025-04-25,"gbif"
"Impatiens glandulifera",47.29225,7.96253,2025-04-25,"gbif"
"Impatiens glandulifera",47.43936,9.15644,2025-04-23,"gbif"
"Impatiens glandulifera",47.42625,9.18317,2025-04-23,"gbif"
"Impatiens glandulifera",47.42791,9.18102,2025-04-23,"gbif"
"Impatiens glandulifera",47.43826,9.15384,2025-04-23,"gbif"
"Impatiens glandulifera",47.42755,9.18275,2025-04-23,"gbif"
"Impatiens glandulifera",47.43215,9.16634,2025-04-23,"gbif"
"Impatiens glandulifera",47.43772,9.15803,2025-04-23,"gbif"
"Impatiens glandulifera",47.42914,9.17854,2025-04-23,"gbif"
"Impatiens glandulifera",47.4363,9.16154,2025-04-23,"gbif"
"Impatiens glandulifera",47.29233,7.99392,2025-04-25,"gbif"
"Impatiens glandulifera",47.42817,9.18166,2025-04-23,"gbif"
"Impatiens glandulifera",47.51933,8.15428,2025-04-24,"gbif"
"Impatiens glandulifera",47.43805,9.15932,2025-04-23,"gbif"
"Impatiens glandulifera",47.42689,9.18184,2025-04-23,"gbif"
"Impatiens glandulifera",47.43443,9.16669,2025-04-23,"gbif"
"Impatiens glandulifera",47.27775,7.98647,2025-04-25,"gbif"
"Impatiens glandulifera",47.42688,9.1823,2025-04-23,"gbif"
"Impatiens glandulifera",47.43934,9.15672,2025-04-23,"gbif"
"Impatiens glandulifera",47.29295,7.96057,2025-04-25,"gbif"
"Impatiens glandulifera",47.43835,9.15483,2025-04-23,"gbif"
"Impatiens glandulifera",47.43433,9.16401,2025-04-23,"gbif"
"Impatiens glandulifera",47.428,9.18187,2025-04-23,"gbif"
"Impatiens glandulifera",47.29159,7.99487,2025-04-25,"gbif"
"Impatiens glandulifera",47.29273,7.99264,2025-04-25,"gbif"
"Impatiens glandulifera",47.42947,9.17804,2025-04-23,"gbif"
"Impatiens glandulifera",47.43764,9.15809,2025-04-23,"gbif"
"Impatiens glandulifera",47.43321,9.16675,2025-04-23,"gbif"
"Impatiens glandulifera",47.43194,9.16669,2025-04-23,"gbif"
"Impatiens glandulifera",47.43591,9.16065,2025-04-23,"gbif"
"Impatiens glandulifera",47.42902,9.17908,2025-04-23,"gbif"
"Impatiens glandulifera",47.4353,9.16168,2025-04-23,"gbif"
"Impatiens glandulifera",47.2861,7.96777,2025-04-25,"gbif"
"Impatiens glandulifera",47.28603,7.96872,2025-04-25,"gbif"
"Impatiens glandulifera",47.27128,7.97614,2025-04-28,"gbif"
"Impatiens glandulifera",47.29151,7.96149,2025-04-25,"gbif"
"Impatiens glandulifera",47.27174,7.97469,2025-04-28,"gbif"
"Impatiens glandulifera",47.29188,7.96163,2025-04-25,"gbif"
"Impatiens glandulifera",47.2741,7.97452,2025-04-28,"gbif"
"Impatiens glandulifera",47.2724,7.97537,2025-04-28,"gbif"
"Impatiens glandulifera",47.43812,9.15408,2025-04-23,"gbif"
"Impatiens glandulifera",47.43614,9.16269,2025-04-23,"gbif"
"Impatiens glandulifera",47.46896,9.16578,2025-04-23,"gbif"
"Impatiens glandulifera",47.43182,9.16715,2025-04-23,"gbif"
"Impatiens glandulifera",47.43604,9.162,2025-04-23,"gbif"
"Impatiens glandulifera",47.4319,9.17602,2025-04-23,"gbif"
"Impatiens glandulifera",47.29196,7.99124,2025-04-25,"gbif"
"Impatiens glandulifera",47.26522,7.92847,2025-04-25,"gbif"
"Impatiens glandulifera",47.43558,9.16241,2025-04-23,"gbif"
"Impatiens glandulifera",47.43772,9.15853,2025-04-23,"gbif"
"Impatiens glandulifera",47.43175,9.16804,2025-04-23,"gbif"
"Impatiens glandulifera",47.29158,7.9837,2025-04-25,"gbif"
"Impatiens glandulifera",47.42634,9.18236,2025-04-23,"gbif"
"Impatiens glandulifera",47.43554,9.1619,2025-04-23,"gbif"
"Impatiens glandulifera",47.29653,7.98699,2025-04-25,"gbif"
"Impatiens glandulifera",47.29674,7.98947,2025-04-25,"gbif"
"Impatiens glandulifera",47.29815,7.98975,2025-04-25,"gbif"
"Impatiens glandulifera",47.29252,7.96327,2025-04-25,"gbif"
"Impatiens glandulifera",47.43545,9.16211,2025-04-23,"gbif"
"Impatiens glandulifera",47.4292,9.17852,2025-04-23,"gbif"
"Impatiens glandulifera",47.43628,9.16201,2025-04-23,"gbif"
"Impatiens glandulifera",47.43801,9.15946,2025-04-23,"gbif"
"Impatiens glandulifera",47.29237,7.96058,2025-04-25,"gbif"
"Impatiens glandulifera",47.42721,9.1819,2025-04-23,"gbif"
"Impatiens glandulifera",47.4272,9.18272,2025-04-23,"gbif"
"Impatiens glandulifera",47.43406,9.16386,2025-04-23,"gbif"
"Impatiens glandulifera",47.43215,9.17549,2025-04-23,"gbif"
"Impatiens glandulifera",46.166797,8.871097,2025-05-09,"gbif"
"Impatiens glandulifera",47.578997,8.886956,2025-05-12,"gbif"
"Impatiens glandulifera",47.580871,8.878474,2025-05-14,"gbif"
"Impatiens glandulifera",47.599075,8.656707,2025-05-24,"gbif"
"Impatiens glandulifera",47.596157,8.653923,2025-05-24,"gbif"
"Impatiens glandulifera",46.166922,8.870942,2025-05-23,"gbif"
"Impatiens glandulifera",47.579893,8.871956,2025-05-14,"gbif"
"Impatiens glandulifera",47.593545,8.588873,2025-05-24,"gbif"
"Impatiens glandulifera",47.39041,8.07514,2025-05-15,"gbif"
"Impatiens glandulifera",47.23221,8.3983,2025-05-20,"gbif"
"Impatiens glandulifera",47.26649,7.98219,2025-05-16,"gbif"
"Impatiens glandulifera",47.23347,7.96869,2025-05-09,"gbif"
"Impatiens glandulifera",47.23378,7.96813,2025-05-09,"gbif"
"Impatiens glandulifera",47.48027,7.75379,2025-05-22,"gbif"
"Impatiens glandulifera",47.21241,7.97425,2025-05-07,"gbif"
"Impatiens glandulifera",47.40785,8.19329,2025-05-13,"gbif"
"Impatiens glandulifera",46.36062,8.94871,2025-05-27,"gbif"
"Impatiens glandulifera",47.2299,7.97325,2025-05-09,"gbif"
"Impatiens glandulifera",47.26747,7.99779,2025-05-16,"gbif"
"Impatiens glandulifera",47.39205,8.07554,2025-05-15,"gbif"
"Impatiens glandulifera",47.22455,7.97658,2025-05-09,"gbif"
"Impatiens glandulifera",47.21294,7.97461,2025-05-07,"gbif"
"Impatiens glandulifera",47.41736,8.16271,2025-05-28,"gbif"
"Impatiens glandulifera",46.81077,7.71467,2025-05-30,"gbif"
"Impatiens glandulifera",47.14177,8.02605,2025-05-28,"gbif"
"Impatiens glandulifera",46.35974,8.95115,2025-05-27,"gbif"
"Impatiens glandulifera",46.99799,9.098,2025-05-15,"gbif"
"Impatiens glandulifera",47.48021,7.75387,2025-05-22,"gbif"
"Impatiens glandulifera",47.14179,8.0263,2025-05-28,"gbif"
"Impatiens glandulifera",46.92749,7.3171,2025-05-19,"gbif"
"Impatiens glandulifera",47.14174,8.02596,2025-05-28,"gbif"
"Impatiens glandulifera",47.02299,8.04906,2025-05-10,"gbif"
"Impatiens glandulifera",46.35956,8.95157,2025-05-27,"gbif"
"Impatiens glandulifera",47.26699,7.97725,2025-05-16,"gbif"
"Impatiens glandulifera",46.36016,8.9509,2025-05-27,"gbif"
"Impatiens glandulifera",47.20617,7.97197,2025-05-07,"gbif"
"Impatiens glandulifera",47.11638,8.77025,2025-05-16,"gbif"
"Impatiens glandulifera",47.57657,8.87714,2025-05-10,"gbif"
"Impatiens glandulifera",47.39149,8.07565,2025-05-15,"gbif"
"Impatiens glandulifera",46.80648,6.74187,2025-05-08,"gbif"
"Impatiens glandulifera",47.5561,7.61801,2025-05-27,"gbif"
"Impatiens glandulifera",47.23648,7.96645,2025-05-09,"gbif"
"Impatiens glandulifera",47.0394,8.63769,2025-05-22,"gbif"
"Impatiens glandulifera",47.22435,7.97656,2025-05-09,"gbif"
"Impatiens glandulifera",47.11663,8.77229,2025-05-16,"gbif"
"Impatiens glandulifera",46.49266,6.48044,2025-05-27,"gbif"
"Impatiens glandulifera",46.64713,6.70347,2025-05-21,"gbif"
"Impatiens glandulifera",47.14228,8.02603,2025-05-28,"gbif"
"Impatiens glandulifera",47.24822,7.95646,2025-05-09,"gbif"
"Impatiens glandulifera",47.22666,7.97589,2025-05-09,"gbif"
"Impatiens glandulifera",47.26703,7.99676,2025-05-16,"gbif"
"Impatiens glandulifera",47.14177,8.02611,2025-05-28,"gbif"
"Impatiens glandulifera",47.50595,7.60928,2025-05-07,"gbif"
"Impatiens glandulifera",47.14167,8.02597,2025-05-28,"gbif"
"Impatiens glandulifera",47.20663,7.97262,2025-05-07,"gbif"
"Impatiens glandulifera",46.78145,6.72757,2025-05-27,"gbif"
"Impatiens glandulifera",47.10941,8.27887,2025-05-03,"gbif"
"Impatiens glandulifera",46.359,8.95273,2025-05-27,"gbif"
"Impatiens glandulifera",47.16189,8.76179,2025-05-28,"gbif"
"Impatiens glandulifera",46.35864,8.95325,2025-05-27,"gbif"
"Impatiens glandulifera",47.168,8.05167,2025-05-28,"gbif"
"Impatiens glandulifera",47.14139,8.0261,2025-05-28,"gbif"
"Impatiens glandulifera",46.8031,6.74036,2025-05-17,"gbif"
"Impatiens glandulifera",46.7915,6.73738,2025-05-25,"gbif"
"Impatiens glandulifera",47.20707,7.97309,2025-05-07,"gbif"
"Impatiens glandulifera",47.13366,7.34558,2025-05-17,"gbif"
"Impatiens glandulifera",47.21273,7.97454,2025-05-07,"gbif"
"Impatiens glandulifera",47.49762,8.23499,2025-05-15,"gbif"
"Impatiens glandulifera",46.93029,7.31441,2025-05-19,"gbif"
"Impatiens glandulifera",47.16323,8.76199,2025-05-28,"gbif"
"Impatiens glandulifera",47.23664,7.96637,2025-05-09,"gbif"
"Impatiens glandulifera",47.20637,7.97253,2025-05-07,"gbif"
"Impatiens glandulifera",46.35891,8.95269,2025-05-27,"gbif"
"Impatiens glandulifera",47.51385,8.07073,2025-05-17,"gbif"
"Impatiens glandulifera",47.38862,8.07595,2025-05-15,"gbif"
"Impatiens glandulifera",46.98542,8.72388,2025-05-02,"gbif"
"Impatiens glandulifera",46.36043,8.94927,2025-05-27,"gbif"
"Impatiens glandulifera",47.1415,8.02613,2025-05-28,"gbif"
"Impatiens glandulifera",47.14148,8.02625,2025-05-28,"gbif"
"Impatiens glandulifera",47.16235,8.76167,2025-05-28,"gbif"
"Impatiens glandulifera",47.14171,8.02625,2025-05-28,"gbif"
"Impatiens glandulifera",47.53249,7.62162,2025-05-27,"gbif"
"Impatiens glandulifera",47.09004,8.18766,2025-05-26,"gbif"
"Impatiens glandulifera",47.21291,7.97437,2025-05-07,"gbif"
"Impatiens glandulifera",47.23331,7.96881,2025-05-09,"gbif"
"Impatiens glandulifera",47.21219,7.97442,2025-05-07,"gbif"
"Impatiens glandulifera",47.16304,8.76173,2025-05-28,"gbif"
"Impatiens glandulifera",47.39861,8.71883,2025-05-20,"gbif"
"Impatiens glandulifera",46.93508,7.31099,2025-05-19,"gbif"
"Impatiens glandulifera",46.9565,7.09212,2025-05-24,"gbif"
"Impatiens glandulifera",47.14158,8.02614,2025-05-28,"gbif"
"Impatiens glandulifera",47.41524,8.17662,2025-05-19,"gbif"
"Impatiens glandulifera",47.53171,7.785,2025-05-30,"gbif"
"Impatiens glandulifera",47.16798,8.05163,2025-05-28,"gbif"
"Impatiens glandulifera",47.27308,7.9883,2025-05-16,"gbif"
"Impatiens glandulifera",47.22908,7.9743,2025-05-09,"gbif"
"Impatiens glandulifera",47.33795,8.13593,2025-05-13,"gbif"
"Impatiens glandulifera",47.2249,7.9765,2025-05-09,"gbif"
"Impatiens glandulifera",46.16441,8.90094,2025-05-09,"gbif"
"Impatiens glandulifera",47.22561,7.97623,2025-05-09,"gbif"
"Impatiens glandulifera",47.49742,9.23029,2025-05-06,"gbif"
"Impatiens glandulifera",46.82874,9.6876,2025-05-04,"gbif"
"Impatiens glandulifera",46.80733,7.70936,2025-05-30,"gbif"
"Impatiens glandulifera",46.78391,6.74521,2025-05-30,"gbif"
"Impatiens glandulifera",46.34991,8.96807,2025-05-26,"gbif"
"Impatiens glandulifera",47.4115,8.0898,2025-05-08,"gbif"
"Impatiens glandulifera",46.49288,6.48178,2025-05-27,"gbif"
"Impatiens glandulifera",47.14162,8.02588,2025-05-28,"gbif"
"Impatiens glandulifera",47.47989,7.75364,2025-05-22,"gbif"
"Impatiens glandulifera",46.49303,6.48174,2025-05-27,"gbif"
"Impatiens glandulifera",47.53174,7.78293,2025-05-30,"gbif"
"Impatiens glandulifera",46.35008,8.96802,2025-05-26,"gbif"
"Impatiens glandulifera",47.14167,8.02617,2025-05-28,"gbif"
"Impatiens glandulifera",47.03893,8.63139,2025-05-22,"gbif"
"Impatiens glandulifera",47.26677,7.99238,2025-05-16,"gbif"
"Impatiens glandulifera",47.33923,8.09564,2025-05-13,"gbif"
"Impatiens glandulifera",47.1418,8.0262,2025-05-28,"gbif"
"Impatiens glandulifera",47.22984,7.97367,2025-05-09,"gbif"
"Impatiens glandulifera",47.39106,8.07557,2025-05-15,"gbif"
"Impatiens glandulifera",47.27171,7.99584,2025-05-16,"gbif"
"Impatiens glandulifera",47.21719,7.9757,2025-05-07,"gbif"
"Impatiens glandulifera",46.92991,7.31686,2025-05-19,"gbif"
"Impatiens glandulifera",46.33141,8.97987,2025-05-26,"gbif"
"Impatiens glandulifera",47.40938,8.19099,2025-05-13,"gbif"
"Impatiens glandulifera",47.48047,7.75418,2025-05-22,"gbif"
"Impatiens glandulifera",47.2335,7.96844,2025-05-09,"gbif"
"Impatiens glandulifera",47.35134,8.28104,2025-05-09,"gbif"
"Impatiens glandulifera",47.48143,9.41799,2025-05-16,"gbif"
"Impatiens glandulifera",47.41335,9.20607,2025-05-26,"gbif"
"Impatiens glandulifera",47.48013,9.41538,2025-05-16,"gbif"
"Impatiens glandulifera",47.4,9.23672,2025-05-13,"gbif"
"Impatiens glandulifera",47.24548,9.17314,2025-05-21,"gbif"
"Impatiens glandulifera",47.22657,8.97395,2025-05-08,"gbif"
"Impatiens glandulifera",47.19584,9.37427,2025-05-26,"gbif"
"Impatiens glandulifera",47.4798,9.41516,2025-05-16,"gbif"
"Impatiens glandulifera",47.46567,9.49302,2025-05-19,"gbif"
"Impatiens glandulifera",47.4762,9.41156,2025-05-16,"gbif"
"Impatiens glandulifera",47.24541,9.17359,2025-05-21,"gbif"
"Impatiens glandulifera",47.39966,9.23502,2025-05-13,"gbif"
"Impatiens glandulifera",47.27368,9.52496,2025-05-22,"gbif"
"Impatiens glandulifera",47.48415,9.42391,2025-05-16,"gbif"
"Impatiens glandulifera",47.46932,9.40683,2025-05-14,"gbif"
"Impatiens glandulifera",47.47726,9.41174,2025-05-16,"gbif"
"Impatiens glandulifera",47.31992,9.08647,2025-05-28,"gbif"
"Impatiens glandulifera",47.3876,9.52359,2025-05-27,"gbif"
"Impatiens glandulifera",47.47468,9.41129,2025-05-14,"gbif"
"Impatiens glandulifera",47.47665,9.22405,2025-05-21,"gbif"
"Impatiens glandulifera",47.45872,9.17272,2025-05-20,"gbif"
"Impatiens glandulifera",47.47632,9.41128,2025-05-16,"gbif"
"Impatiens glandulifera",47.45832,9.16814,2025-05-20,"gbif"
"Impatiens glandulifera",47.43495,9.1635,2025-05-25,"gbif"
"Impatiens glandulifera",47.19531,9.37389,2025-05-26,"gbif"
"Impatiens glandulifera",47.42428,8.10964,2025-05-21,"gbif"
"Impatiens glandulifera",47.27362,9.51298,2025-05-21,"gbif"
"Impatiens glandulifera",47.4647,9.40414,2025-05-13,"gbif"
"Impatiens glandulifera",47.19531,9.3743,2025-05-26,"gbif"
"Impatiens glandulifera",47.47746,9.41155,2025-05-16,"gbif"
"Impatiens glandulifera",47.32848,9.08246,2025-05-28,"gbif"
"Impatiens glandulifera",47.30661,9.08466,2025-05-26,"gbif"
"Impatiens glandulifera",47.41431,8.1113,2025-05-09,"gbif"
"Impatiens glandulifera",47.477,9.41159,2025-05-16,"gbif"
"Impatiens glandulifera",47.38709,9.5232,2025-05-27,"gbif"
"Impatiens glandulifera",47.1956,9.37406,2025-05-26,"gbif"
"Impatiens glandulifera",47.28788,9.09885,2025-05-27,"gbif"
"Impatiens glandulifera",47.41973,8.12315,2025-05-21,"gbif"
"Impatiens glandulifera",47.36403,8.17416,2025-05-29,"gbif"
"Impatiens glandulifera",47.48075,9.41564,2025-05-16,"gbif"
"Impatiens glandulifera",47.45309,9.40217,2025-05-16,"gbif"
"Impatiens glandulifera",47.19833,9.37584,2025-05-26,"gbif"
"Impatiens glandulifera",47.41482,8.11191,2025-05-09,"gbif"
"Impatiens glandulifera",47.41699,8.11916,2025-05-21,"gbif"
"Impatiens glandulifera",47.44621,9.39925,2025-05-15,"gbif"
"Impatiens glandulifera",47.26226,9.12049,2025-05-20,"gbif"
"Impatiens glandulifera",47.26911,9.11072,2025-05-27,"gbif"
"Impatiens glandulifera",47.45853,9.16698,2025-05-20,"gbif"
"Impatiens glandulifera",47.31314,9.07886,2025-05-27,"gbif"
"Impatiens glandulifera",47.30704,9.08526,2025-05-26,"gbif"
"Impatiens glandulifera",47.46041,9.17638,2025-05-20,"gbif"
"Impatiens glandulifera",47.19559,9.37463,2025-05-26,"gbif"
"Impatiens glandulifera",47.45841,9.16756,2025-05-20,"gbif"
"Impatiens glandulifera",47.39959,9.23479,2025-05-13,"gbif"
"Impatiens glandulifera",47.4655,9.4042,2025-05-13,"gbif"
"Impatiens glandulifera",47.32811,9.08229,2025-05-28,"gbif"
"Impatiens glandulifera",47.46949,9.40705,2025-05-14,"gbif"
"Impatiens glandulifera",47.45818,9.16982,2025-05-20,"gbif"
"Impatiens glandulifera",47.27058,9.10971,2025-05-27,"gbif"
"Impatiens glandulifera",47.42031,8.12598,2025-05-21,"gbif"
"Impatiens glandulifera",47.31713,9.08476,2025-05-28,"gbif"
"Impatiens glandulifera",47.37553,9.12464,2025-05-20,"gbif"
"Impatiens glandulifera",47.45831,9.17061,2025-05-20,"gbif"
"Impatiens glandulifera",47.41545,8.11704,2025-05-21,"gbif"
"Impatiens glandulifera",47.18965,9.47577,2025-05-20,"gbif"
"Impatiens glandulifera",46.74214,8.99499,2025-05-01,"gbif"
"Impatiens glandulifera",47.31233,9.08017,2025-05-26,"gbif"
"Impatiens glandulifera",47.41902,8.12733,2025-05-21,"gbif"
"Impatiens glandulifera",47.41881,8.1255,2025-05-21,"gbif"
"Impatiens glandulifera",47.41303,8.1143,2025-05-21,"gbif"
"Impatiens glandulifera",47.31717,9.08362,2025-05-28,"gbif"
"Impatiens glandulifera",47.37597,9.12483,2025-05-20,"gbif"
"Impatiens glandulifera",47.21924,8.9701,2025-05-14,"gbif"
"Impatiens glandulifera",47.32601,9.08416,2025-05-28,"gbif"
"Impatiens glandulifera",47.1984,9.37584,2025-05-26,"gbif"
"Impatiens glandulifera",47.31955,9.08617,2025-05-28,"gbif"
"Impatiens glandulifera",47.44341,9.39764,2025-05-13,"gbif"
"Impatiens glandulifera",47.4829,9.4216,2025-05-16,"gbif"
"Impatiens glandulifera",47.46077,9.17682,2025-05-20,"gbif"
"Impatiens glandulifera",47.26489,9.11837,2025-05-20,"gbif"
"Impatiens glandulifera",47.26548,9.11787,2025-05-20,"gbif"
"Impatiens glandulifera",47.41565,8.1211,2025-05-21,"gbif"
"Impatiens glandulifera",47.46118,9.17754,2025-05-20,"gbif"
"Impatiens glandulifera",47.38163,9.52688,2025-05-19,"gbif"
"Impatiens glandulifera",47.47653,9.41174,2025-05-16,"gbif"
"Impatiens glandulifera",47.29583,9.09021,2025-05-27,"gbif"
"Impatiens glandulifera",47.19839,9.37595,2025-05-26,"gbif"
"Impatiens glandulifera",47.41852,8.12028,2025-05-21,"gbif"
"Impatiens glandulifera",47.12076,9.10001,2025-05-07,"gbif"
"Impatiens glandulifera",47.46583,9.40408,2025-05-13,"gbif"
"Impatiens glandulifera",47.32572,9.08406,2025-05-28,"gbif"
"Impatiens glandulifera",47.31751,9.0858,2025-05-28,"gbif"
"Impatiens glandulifera",47.38204,9.52562,2025-05-19,"gbif"
"Impatiens glandulifera",47.42527,8.11392,2025-05-21,"gbif"
"Impatiens glandulifera",47.45993,9.15911,2025-05-19,"gbif"
"Impatiens glandulifera",47.48509,9.43002,2025-05-06,"gbif"
"Impatiens glandulifera",47.46179,9.17863,2025-05-20,"gbif"
"Impatiens glandulifera",47.41767,8.12175,2025-05-21,"gbif"
"Impatiens glandulifera",47.26648,9.11331,2025-05-27,"gbif"
"Impatiens glandulifera",47.42035,8.12311,2025-05-21,"gbif"
"Impatiens glandulifera",47.41953,8.1277,2025-05-21,"gbif"
"Impatiens glandulifera",46.7126,7.72382,2025-05-19,"gbif"
"Impatiens glandulifera",47.38204,9.52602,2025-05-19,"gbif"
"Impatiens glandulifera",47.31713,9.08423,2025-05-28,"gbif"
"Impatiens glandulifera",47.31709,9.08535,2025-05-28,"gbif"
"Impatiens glandulifera",47.37473,9.12428,2025-05-20,"gbif"
"Impatiens glandulifera",47.41603,8.11769,2025-05-21,"gbif"
"Impatiens glandulifera",47.591856,8.761288,2025-06-08,"gbif"
"Impatiens glandulifera",47.578835,8.886045,2025-06-17,"gbif"
"Impatiens glandulifera",47.579033,8.887217,2025-06-17,"gbif"
"Impatiens glandulifera",46.155953,8.875147,2025-06-18,"gbif"
"Impatiens glandulifera",46.166564,8.872022,2025-06-10,"gbif"
"Impatiens glandulifera",47.716803,8.6775,2025-06-21,"gbif"
"Impatiens glandulifera",46.166214,8.95067,2025-06-17,"gbif"
"Impatiens glandulifera",47.3340006304,8.5916173251,2025-09-20,"inat"
"Impatiens glandulifera",47.5340484272,8.009461249,2025-09-27,"inat"
"Impatiens glandulifera",47.559363981,8.0573192078,2024-04-23,"inat"
"Impatiens glandulifera",46.3374535789,8.8034227118,2025-08-31,"inat"
"Impatiens glandulifera",47.5806716667,8.8794716667,2025-10-19,"inat"
"Impatiens glandulifera",46.7645388889,6.7230805556,2025-10-05,"inat"
"Impatiens glandulifera",46.7628277778,6.7232472222,2025-10-05,"inat"
"Impatiens glandulifera",46.3336796119,8.8047964299,2025-10-02,"inat"
"Impatiens glandulifera",46.2817072669,8.7931365185,2025-09-07,"inat"
"Impatiens glandulifera",47.3481487997,8.3066844997,2025-09-27,"inat"
"Impatiens glandulifera",46.7820507847,9.2488198634,2025-09-25,"inat"
"Impatiens glandulifera",47.5797280556,8.8959863889,2025-09-03,"inat"
"Impatiens glandulifera",46.8059571041,7.2684545908,2025-08-22,"inat"
"Impatiens glandulifera",46.1658666667,8.8695216667,2025-09-13,"inat"
"Impatiens glandulifera",46.1662221667,8.87093,2025-09-13,"inat"
"Impatiens glandulifera",46.5999298096,7.9160070419,2025-09-22,"inat"
"Impatiens glandulifera",47.52460295,9.28386901,2025-09-19,"inat"
"Impatiens glandulifera",46.7230083333,6.7223866667,2025-09-19,"inat"
"Impatiens glandulifera",47.458175,9.1663861667,2025-09-16,"inat"
"Impatiens glandulifera",47.5308874067,7.7885966217,2025-09-14,"inat"
"Impatiens glandulifera",47.3636550903,7.1547684669,2025-09-14,"inat"
"Impatiens glandulifera",46.939357901,7.4067320209,2025-09-11,"inat"
"Impatiens glandulifera",46.9392952044,7.4066033587,2025-09-11,"inat"
"Impatiens glandulifera",46.1577805,8.8699866667,2025-09-04,"inat"
"Impatiens glandulifera",46.2796804703,8.8050072268,2025-09-06,"inat"
"Impatiens glandulifera",47.4166723112,7.5657134392,2025-09-05,"inat"
"Impatiens glandulifera",46.3459682105,8.7904280064,2025-08-31,"inat"
"Impatiens glandulifera",47.5376510611,7.714414098,2025-09-03,"inat"
"Impatiens glandulifera",46.7432194444,7.23335,2025-09-03,"inat"
"Impatiens glandulifera",47.5799216667,8.8825866667,2025-09-03,"inat"
"Impatiens glandulifera",46.7818583518,9.2531851087,2025-09-03,"inat"
"Impatiens glandulifera",47.4192816667,7.5747933333,2025-08-31,"inat"
"Impatiens glandulifera",47.2249907466,8.8898457412,2025-08-31,"inat"
"Impatiens glandulifera",46.8065735853,9.2732475809,2025-08-22,"inat"
"Impatiens glandulifera",47.51965,9.20648,2025-08-27,"inat"
"Impatiens glandulifera",47.4890690823,9.2288725229,2025-08-26,"inat"
"Impatiens glandulifera",46.6078940382,7.923903577,2025-08-24,"inat"
"Impatiens glandulifera",47.1061778333,9.253845,2025-08-17,"inat"
"Impatiens glandulifera",47.5173236523,9.2098683212,2025-08-20,"inat"
"Impatiens glandulifera",47.4959958931,9.2330506165,2025-08-20,"inat"
"Impatiens glandulifera",47.3877278681,7.5135097573,2025-08-20,"inat"
"Impatiens glandulifera",47.382852015,7.5988053652,2025-08-17,"inat"
"Impatiens glandulifera",47.4601015382,9.1588816881,2025-08-17,"inat"
"Impatiens glandulifera",46.2599916667,8.835605,2025-08-12,"inat"
"Impatiens glandulifera",46.8058070395,9.3234118447,2025-08-14,"inat"
"Impatiens glandulifera",46.9962427635,9.1200259846,2025-08-14,"inat"
"Impatiens glandulifera",47.5376510611,7.714414098,2025-08-13,"inat"
"Impatiens glandulifera",47.5845915685,8.9141086768,2025-08-13,"inat"
"Impatiens glandulifera",46.1663945,8.8714533333,2025-08-10,"inat"
"Impatiens glandulifera",46.1651028333,8.8719383333,2025-08-10,"inat"
"Impatiens glandulifera",46.1513528333,8.8655833333,2025-08-06,"inat"
"Impatiens glandulifera",47.4906739561,9.2298395199,2025-08-06,"inat"
"Impatiens glandulifera",47.3933996976,8.0263170227,2025-08-03,"inat"
"Impatiens glandulifera",47.4427056997,8.1673024997,2025-08-01,"inat"
"Impatiens glandulifera",47.5743443123,9.0406285648,2025-08-04,"inat"
"Impatiens glandulifera",47.66489989,8.58351235,2025-08-04,"inat"
"Impatiens glandulifera",47.573605217,9.0476882281,2025-08-04,"inat"
"Impatiens glandulifera",47.5402407814,7.7957489714,2025-07-28,"inat"
"Impatiens glandulifera",47.2271153103,8.9137782052,2025-07-26,"inat"
"Impatiens glandulifera",47.58068,8.90223,2021-09-06,"inat"
"Impatiens glandulifera",46.6078548702,7.9237396814,2025-07-25,"inat"
"Impatiens glandulifera",47.438607679,8.1663618609,2025-07-24,"inat"
"Impatiens glandulifera",46.7733921,9.1432389,2025-07-18,"inat"
"Impatiens glandulifera",47.4496137929,7.5801184165,2025-07-17,"inat"
"Impatiens glandulifera",46.5484008789,6.8280572891,2025-07-13,"inat"
"Impatiens glandulifera",46.1710886001,8.7465249131,2025-07-12,"inat"
"Impatiens glandulifera",47.25869,9.122771,2025-07-10,"inat"
"Impatiens glandulifera",47.5376510611,7.714414098,2025-07-06,"inat"
"Impatiens glandulifera",47.5958653483,8.7238876367,2025-07-05,"inat"
"Impatiens glandulifera",46.186275,6.1527833333,2025-07-01,"inat"
"Impatiens glandulifera",46.1668916667,8.8716583333,2025-06-27,"inat"
"Impatiens glandulifera",47.580083,8.882472,2025-06-28,"inat"
"Impatiens glandulifera",47.58001,8.881018,2025-06-28,"inat"
"Impatiens glandulifera",46.16707,8.8718416667,2025-06-23,"inat"
"Impatiens glandulifera",46.4093383333,8.98237,2025-06-26,"inat"
"Impatiens glandulifera",46.1662138333,8.95067,2025-06-17,"inat"
"Impatiens glandulifera",46.1559528333,8.8751466667,2025-06-18,"inat"
"Impatiens glandulifera",47.7168027778,8.6775,2025-06-21,"inat"
"Impatiens glandulifera",46.4050366667,8.1317333333,2020-10-28,"inat"
"Impatiens glandulifera",47.580020065,8.8966674167,2025-06-17,"inat"
"Impatiens glandulifera",47.5790332917,8.8872165133,2025-06-17,"inat"
"Impatiens glandulifera",47.5788353383,8.8860450167,2025-06-17,"inat"
"Impatiens glandulifera",46.1665638333,8.8720216667,2025-06-10,"inat"
"Impatiens glandulifera",47.5918564567,8.7612884217,2025-06-08,"inat"
"Impatiens glandulifera",46.1669216667,8.8709416667,2025-05-23,"inat"
"Impatiens glandulifera",47.5961567717,8.6539226467,2025-05-24,"inat"
"Impatiens glandulifera",47.599075,8.656707,2025-05-24,"inat"
"Impatiens glandulifera",47.5935451637,8.5888734922,2025-05-24,"inat"
"Impatiens glandulifera",47.580871,8.878474,2025-05-14,"inat"
"Impatiens glandulifera",47.579893,8.871956,2025-05-14,"inat"
"Impatiens glandulifera",47.5789966971,8.8869558321,2025-05-12,"inat"
"Impatiens glandulifera",46.1667966667,8.8710966667,2025-05-09,"inat"
"Impatiens noli-tangere",47.15324,7.66938,2025-04-18,"gbif"
"Impatiens noli-tangere",47.33165,8.06705,2025-04-14,"gbif"
"Impatiens noli-tangere",46.79329,7.73333,2025-04-28,"gbif"
"Impatiens noli-tangere",47.15324,7.66938,2025-04-20,"gbif"
"Impatiens noli-tangere",46.32423,9.54888,2025-04-25,"gbif"
"Impatiens noli-tangere",46.65625,6.68742,2025-05-02,"gbif"
"Impatiens noli-tangere",47.41609,8.73064,2025-05-28,"gbif"
"Impatiens noli-tangere",46.73451,9.23775,2025-05-31,"gbif"
"Impatiens noli-tangere",47.28759,7.00901,2025-05-31,"gbif"
"Impatiens noli-tangere",47.1529,7.80124,2025-05-02,"gbif"
"Impatiens noli-tangere",47.24133,8.13203,2025-05-20,"gbif"
"Impatiens noli-tangere",46.79329,7.73333,2025-05-30,"gbif"
"Impatiens noli-tangere",46.97251,7.93144,2025-05-30,"gbif"
"Impatiens noli-tangere",47.15324,7.20788,2025-05-19,"gbif"
"Impatiens noli-tangere",47.3254,8.7946,2025-05-14,"gbif"
"Impatiens noli-tangere",47.15324,7.66938,2025-05-09,"gbif"
"Impatiens noli-tangere",47.06246,7.93226,2025-05-16,"gbif"
"Impatiens noli-tangere",46.70367,7.53671,2025-05-27,"gbif"
"Impatiens noli-tangere",47.23944,8.39616,2025-05-09,"gbif"
"Impatiens noli-tangere",47.19447,8.39536,2025-05-14,"gbif"
"Impatiens noli-tangere",47.50978,8.33465,2025-05-13,"gbif"
"Impatiens noli-tangere",47.621832,8.880457,2025-06-12,"gbif"
"Impatiens noli-tangere",47.24304,7.73581,2025-06-01,"gbif"
"Impatiens noli-tangere",47.50978,8.33465,2025-06-14,"gbif"
"Impatiens noli-tangere",47.31687,9.3897,2025-06-19,"gbif"
"Impatiens noli-tangere",47.01512,8.3264,2025-06-14,"gbif"
"Impatiens noli-tangere",47.24092,8.19807,2025-06-14,"gbif"
"Impatiens noli-tangere",47.01512,8.3264,2025-06-15,"gbif"
"Impatiens noli-tangere",46.95369,9.57362,2025-06-06,"gbif"
"Impatiens noli-tangere",47.06145,8.12971,2025-06-01,"gbif"
"Impatiens noli-tangere",47.28827,7.27339,2025-06-06,"gbif"
"Impatiens noli-tangere",47.15324,7.66938,2025-06-10,"gbif"
"Impatiens noli-tangere",46.33179,9.09452,2025-06-19,"gbif"
"Impatiens noli-tangere",47.01561,8.26064,2025-06-15,"gbif"
"Impatiens noli-tangere",47.19708,7.99949,2025-06-03,"gbif"
"Impatiens noli-tangere",46.61337,7.14492,2025-06-25,"gbif"
"Impatiens noli-tangere",46.61207,8.0587,2025-06-24,"gbif"
"Impatiens noli-tangere",46.74831,7.73309,2025-06-30,"gbif"
"Impatiens noli-tangere",46.65625,6.68742,2025-06-24,"gbif"
"Impatiens noli-tangere",46.19688,9.09042,2025-06-20,"gbif"
"Impatiens noli-tangere",47.50978,8.33465,2025-06-25,"gbif"
"Impatiens noli-tangere",47.42319,7.60428,2025-06-22,"gbif"
"Impatiens noli-tangere",46.9278,7.86537,2025-06-27,"gbif"
"Impatiens noli-tangere",47.01843,7.60304,2025-06-28,"gbif"
"Impatiens noli-tangere",47.19738,7.93351,2025-06-27,"gbif"
"Impatiens noli-tangere",47.28543,8.26479,2025-06-21,"gbif"
"Impatiens noli-tangere",47.37537,8.26619,2025-06-29,"gbif"
"Impatiens noli-tangere",46.79329,7.73333,2025-06-22,"gbif"
"Impatiens noli-tangere",47.10453,8.39375,2025-06-17,"gbif"
"Impatiens noli-tangere",47.361269,8.478184,2025-07-04,"gbif"
"Impatiens noli-tangere",47.438451,8.377998,2025-07-06,"gbif"
"Impatiens noli-tangere",47.000356,6.881834,2025-07-15,"gbif"
"Impatiens noli-tangere",47.041166,8.255831,2025-07-16,"gbif"
"Impatiens noli-tangere",46.612446,6.701705,2025-07-22,"gbif"
"Impatiens noli-tangere",46.96845,8.52275,2025-07-17,"gbif"
"Impatiens noli-tangere",47.37317,8.53098,2025-07-30,"gbif"
"Impatiens noli-tangere",46.79329,7.73333,2025-07-31,"gbif"
"Impatiens noli-tangere",46.28682,9.09315,2025-07-04,"gbif"
"Impatiens noli-tangere",46.61127,6.68805,2025-07-22,"gbif"
"Impatiens noli-tangere",47.09524,9.184,2025-07-12,"gbif"
"Impatiens noli-tangere",47.24304,7.73581,2025-07-30,"gbif"
"Impatiens noli-tangere",46.06291,9.02174,2025-07-26,"gbif"
"Impatiens noli-tangere",47.45174,9.39464,2025-07-03,"gbif"
"Impatiens noli-tangere",47.28816,7.20729,2025-07-12,"gbif"
"Impatiens noli-tangere",47.55239,8.60109,2025-07-13,"gbif"
"Impatiens noli-tangere",46.65851,7.66727,2025-07-29,"gbif"
"Impatiens noli-tangere",46.8386,7.34032,2025-07-16,"gbif"
"Impatiens noli-tangere",46.29255,8.63906,2025-07-13,"gbif"
"Impatiens noli-tangere",47.22695,9.38641,2025-07-28,"gbif"
"Impatiens noli-tangere",46.74576,8.25653,2025-07-08,"gbif"
"Impatiens noli-tangere",47.45493,9.1958,2025-07-08,"gbif"
"Impatiens noli-tangere",47.15177,8.06494,2025-07-30,"gbif"
"Impatiens noli-tangere",47.15324,7.66938,2025-07-19,"gbif"
"Impatiens noli-tangere",47.50978,8.33465,2025-07-08,"gbif"
"Impatiens noli-tangere",46.79344,7.66784,2025-07-18,"gbif"
"Impatiens noli-tangere",46.973,7.80002,2025-07-29,"gbif"
"Impatiens noli-tangere",47.37795,7.73656,2025-07-22,"gbif"
"Impatiens noli-tangere",46.74662,8.12567,2025-07-23,"gbif"
"Impatiens noli-tangere",46.24535,8.83253,2025-07-25,"gbif"
"Impatiens noli-tangere",47.59175,9.06735,2025-07-20,"gbif"
"Impatiens noli-tangere",47.45866,8.93063,2025-07-06,"gbif"
"Impatiens noli-tangere",46.24888,8.50842,2025-07-08,"gbif"
"Impatiens noli-tangere",47.37727,7.93517,2025-07-23,"gbif"
"Impatiens noli-tangere",47.01278,8.58941,2025-07-31,"gbif"
"Impatiens noli-tangere",46.92837,7.66842,2025-07-04,"gbif"
"Impatiens noli-tangere",47.10845,7.53744,2025-07-31,"gbif"
"Impatiens noli-tangere",46.70367,7.53671,2025-07-27,"gbif"
"Impatiens noli-tangere",46.65869,7.53662,2025-07-10,"gbif"
"Impatiens noli-tangere",47.06058,8.26133,2025-07-16,"gbif"
"Impatiens noli-tangere",46.92803,7.79972,2025-07-12,"gbif"
"Impatiens noli-tangere",47.09717,9.05231,2025-07-13,"gbif"
"Impatiens noli-tangere",47.01605,6.68238,2025-07-31,"gbif"
"Impatiens noli-tangere",47.15335,7.60345,2025-07-06,"gbif"
"Impatiens noli-tangere",47.15211,7.99902,2025-07-27,"gbif"
"Impatiens noli-tangere",47.32688,8.66233,2025-07-28,"gbif"
"Impatiens noli-tangere",46.78147,9.10834,2025-07-23,"gbif"
"Impatiens noli-tangere",46.79344,7.66784,2025-07-22,"gbif"
"Impatiens noli-tangere",47.41533,8.79689,2025-07-13,"gbif"
"Impatiens noli-tangere",47.59267,9.00089,2025-07-12,"gbif"
"Impatiens noli-tangere",47.23206,9.05638,2025-07-05,"gbif"
"Impatiens noli-tangere",46.78049,9.1738,2025-07-05,"gbif"
"Impatiens noli-tangere",47.14213,9.05366,2025-07-19,"gbif"
"Impatiens noli-tangere",47.310929,8.649874,2025-07-27,"gbif"
"Impatiens noli-tangere",47.249797,9.459813,2025-07-06,"gbif"
"Impatiens noli-tangere",46.595307,7.707764,2025-07-21,"gbif"
"Impatiens noli-tangere",47.371908,8.417115,2025-08-17,"gbif"
"Impatiens noli-tangere",47.314247,8.48652,2025-08-22,"gbif"
"Impatiens noli-tangere",46.686813,9.411934,2025-08-11,"gbif"
"Impatiens noli-tangere",47.076797,8.936466,2025-08-17,"gbif"
"Impatiens noli-tangere",47.51267,7.80369,2025-08-07,"gbif"
"Impatiens noli-tangere",47.27881,8.92561,2025-08-17,"gbif"
"Impatiens noli-tangere",46.87787,8.58652,2025-08-07,"gbif"
"Impatiens noli-tangere",47.06273,7.86645,2025-08-14,"gbif"
"Impatiens noli-tangere",47.15343,7.53752,2025-08-01,"gbif"
"Impatiens noli-tangere",46.61082,6.62279,2025-08-02,"gbif"
"Impatiens noli-tangere",46.77843,9.30471,2025-08-14,"gbif"
"Impatiens noli-tangere",47.0121,8.65515,2025-08-02,"gbif"
"Impatiens noli-tangere",46.65862,7.27533,2025-08-18,"gbif"
"Impatiens noli-tangere",47.42251,7.86933,2025-08-05,"gbif"
"Impatiens noli-tangere",47.05707,8.65617,2025-08-04,"gbif"
"Impatiens noli-tangere",46.19592,9.15518,2025-08-07,"gbif"
"Impatiens noli-tangere",46.65581,8.25517,2025-08-15,"gbif"
"Impatiens noli-tangere",47.50978,8.33465,2025-08-16,"gbif"
"Impatiens noli-tangere",46.52342,7.73187,2025-08-11,"gbif"
"Impatiens noli-tangere",46.19592,9.15518,2025-08-17,"gbif"
"Impatiens noli-tangere",47.06295,7.80063,2025-08-14,"gbif"
"Impatiens noli-tangere",46.47242,6.23424,2025-08-04,"gbif"
"Impatiens noli-tangere",47.364089,8.476688,2025-08-31,"gbif"
"Impatiens noli-tangere",47.522934,7.531398,2025-08-22,"gbif"
"Impatiens noli-tangere",47.29187,8.672388,2025-08-26,"gbif"
"Impatiens noli-tangere",46.74831,7.73309,2025-08-24,"gbif"
"Impatiens noli-tangere",47.28827,7.27339,2025-08-30,"gbif"
"Impatiens noli-tangere",47.10204,8.6572,2025-08-25,"gbif"
"Impatiens noli-tangere",47.18415,9.25288,2025-08-24,"gbif"
"Impatiens noli-tangere",46.61319,7.07965,2025-08-29,"gbif"
"Impatiens noli-tangere",47.37753,7.86897,2025-08-26,"gbif"
"Impatiens noli-tangere",46.79344,7.66784,2025-08-26,"gbif"
"Impatiens noli-tangere",46.74831,7.73309,2025-08-31,"gbif"
"Impatiens noli-tangere",46.96133,9.11393,2025-08-24,"gbif"
"Impatiens noli-tangere",46.92822,7.73407,2025-08-24,"gbif"
"Impatiens noli-tangere",47.51153,8.06918,2025-08-12,"gbif"
"Impatiens noli-tangere",47.10453,8.39375,2025-08-29,"gbif"
"Impatiens noli-tangere",47.51267,7.80369,2025-08-25,"gbif"
"Impatiens noli-tangere",46.29385,8.5093,2025-08-22,"gbif"
"Impatiens noli-tangere",47.51073,8.20192,2025-08-14,"gbif"
"Impatiens noli-tangere",47.06246,7.93226,2025-08-18,"gbif"
"Impatiens noli-tangere",47.46789,7.14019,2025-08-25,"gbif"
"Impatiens noli-tangere",47.031082,8.310728,2025-09-13,"gbif"
"Impatiens noli-tangere",47.031096,8.3112,2025-09-13,"gbif"
"Impatiens noli-tangere",46.778716,7.172678,2025-09-13,"gbif"
"Impatiens noli-tangere",47.40786,8.964931,2025-09-07,"gbif"
"Impatiens noli-tangere",47.465033,9.167392,2025-09-06,"gbif"
"Impatiens noli-tangere",47.2249,8.577975,2025-09-17,"gbif"
"Impatiens noli-tangere",47.030455,8.311425,2025-09-15,"gbif"
"Impatiens noli-tangere",47.14769,8.59231,2025-09-18,"gbif"
"Impatiens noli-tangere",46.90621,9.70304,2025-09-04,"gbif"
"Impatiens noli-tangere",47.06058,8.26133,2025-09-07,"gbif"
"Impatiens noli-tangere",47.46789,7.14019,2025-09-28,"gbif"
"Impatiens noli-tangere",47.18415,9.25288,2025-09-14,"gbif"
"Impatiens noli-tangere",46.6127,6.94912,2025-09-12,"gbif"
"Impatiens noli-tangere",47.09623,9.11815,2025-09-29,"gbif"
"Impatiens noli-tangere",46.7036,7.60208,2025-09-07,"gbif"
"Impatiens noli-tangere",47.14629,8.72413,2025-09-13,"gbif"
"Impatiens noli-tangere",47.4208,8.20063,2025-09-08,"gbif"
"Impatiens noli-tangere",47.09717,9.05231,2025-09-21,"gbif"
"Impatiens noli-tangere",47.37583,8.19999,2025-09-02,"gbif"
"Impatiens noli-tangere",46.20891,7.34147,2025-09-02,"gbif"
"Impatiens noli-tangere",47.09423,9.24984,2025-09-19,"gbif"
"Impatiens noli-tangere",46.7036,7.60208,2025-09-02,"gbif"
"Impatiens noli-tangere",47.01512,8.3264,2025-09-08,"gbif"
"Impatiens noli-tangere",46.70164,6.75217,2025-09-06,"gbif"
"Impatiens noli-tangere",46.61127,6.68805,2025-09-02,"gbif"
"Impatiens noli-tangere",47.06273,7.86645,2025-09-13,"gbif"
"Impatiens noli-tangere",47.10714,7.99855,2025-09-07,"gbif"
"Impatiens noli-tangere",47.46789,7.14019,2025-09-17,"gbif"
"Impatiens noli-tangere",47.51313,7.60456,2025-09-08,"gbif"
"Impatiens noli-tangere",46.70315,7.79822,2025-09-24,"gbif"
"Impatiens noli-tangere",47.50978,8.33465,2025-09-03,"gbif"
"Impatiens noli-tangere",47.5581,7.6047,2025-09-27,"gbif"
"Impatiens noli-tangere",46.92848,7.2745,2025-09-17,"gbif"
"Impatiens noli-tangere",47.15324,7.66938,2025-09-23,"gbif"
"Impatiens noli-tangere",47.030806,8.311855,2025-10-04,"gbif"
"Impatiens noli-tangere",47.344563,8.476483,2025-10-02,"gbif"
"Impatiens noli-tangere",47.06216,7.99808,2025-10-28,"gbif"
"Impatiens noli-tangere",47.0522,9.05096,2025-10-16,"gbif"
"Impatiens noli-tangere",46.74831,7.73309,2025-10-03,"gbif"
"Impatiens noli-tangere",47.27078,9.45411,2025-10-12,"gbif"
"Impatiens noli-tangere",47.01854,7.40575,2024-01-01,"gbif"
"Impatiens noli-tangere",47.51028,8.26829,2024-04-25,"gbif"
"Impatiens noli-tangere",47.37583,8.19999,2024-04-16,"gbif"
"Impatiens noli-tangere",46.61127,6.68805,2024-04-29,"gbif"
"Impatiens noli-tangere",46.28585,9.15802,2024-04-18,"gbif"
"Impatiens noli-tangere",47.23888,8.46219,2024-04-19,"gbif"
"Impatiens noli-tangere",46.1554,8.83023,2024-04-25,"gbif"
"Impatiens noli-tangere",47.5908,9.13381,2024-04-24,"gbif"
"Impatiens noli-tangere",47.51028,8.26829,2024-05-11,"gbif"
"Impatiens noli-tangere",47.19708,7.99949,2024-05-11,"gbif"
"Impatiens noli-tangere",47.23944,8.39616,2024-05-02,"gbif"
"Impatiens noli-tangere",47.51073,8.20192,2024-05-10,"gbif"
"Impatiens noli-tangere",47.36786,8.9943,2024-05-20,"gbif"
"Impatiens noli-tangere",47.63762,9.00221,2024-05-20,"gbif"
"Impatiens noli-tangere",47.15211,7.99902,2024-05-26,"gbif"
"Impatiens noli-tangere",47.46428,8.40021,2024-05-27,"gbif"
"Impatiens noli-tangere",47.51028,8.26829,2024-05-25,"gbif"
"Impatiens noli-tangere",46.29756,6.88707,2024-05-25,"gbif"
"Impatiens noli-tangere",46.213585,9.043401,2024-05-08,"gbif"
"Impatiens noli-tangere",47.15241,7.93309,2024-05-25,"gbif"
"Impatiens noli-tangere",47.06348,7.3399,2024-05-14,"gbif"
"Impatiens noli-tangere",47.50978,8.33465,2024-05-09,"gbif"
"Impatiens noli-tangere",47.10849,7.40569,2024-05-30,"gbif"
"Impatiens noli-tangere",47.01843,7.60304,2024-05-17,"gbif"
"Impatiens noli-tangere",47.28759,7.00901,2024-05-30,"gbif"
"Impatiens noli-tangere",46.65626,8.18985,2024-05-29,"gbif"
"Impatiens noli-tangere",47.37435,8.39859,2024-05-16,"gbif"
"Impatiens noli-tangere",46.87648,8.71768,2024-05-29,"gbif"
"Impatiens noli-tangere",47.24319,7.66977,2024-05-08,"gbif"
"Impatiens noli-tangere",46.33447,8.89976,2024-05-20,"gbif"
"Impatiens noli-tangere",47.32104,9.12523,2024-05-16,"gbif"
"Impatiens noli-tangere",47.2433,7.27353,2024-05-31,"gbif"
"Impatiens noli-tangere",47.40895,9.26054,2024-05-02,"gbif"
"Impatiens noli-tangere",46.92803,7.79972,2024-05-13,"gbif"
"Impatiens noli-tangere",47.41282,8.99561,2024-05-14,"gbif"
"Impatiens noli-tangere",47.197502,8.78952,2024-06-24,"gbif"
"Impatiens noli-tangere",46.79072,6.62006,2024-06-03,"gbif"
"Impatiens noli-tangere",47.51028,8.26829,2024-06-04,"gbif"
"Impatiens noli-tangere",47.24318,7.20749,2024-06-06,"gbif"
"Impatiens noli-tangere",47.37435,8.39859,2024-06-07,"gbif"
"Impatiens noli-tangere",47.06348,7.3399,2024-06-10,"gbif"
"Impatiens noli-tangere",47.15211,7.99902,2024-06-09,"gbif"
"Impatiens noli-tangere",46.07346,7.08321,2024-06-11,"gbif"
"Impatiens noli-tangere",46.47825,7.08055,2024-06-08,"gbif"
"Impatiens noli-tangere",47.42122,8.13437,2024-06-16,"gbif"
"Impatiens noli-tangere",47.32688,8.66233,2024-06-15,"gbif"
"Impatiens noli-tangere",47.01843,7.27422,2024-06-18,"gbif"
"Impatiens noli-tangere",46.79329,7.73333,2024-06-26,"gbif"
"Impatiens noli-tangere",47.288,7.1412,2024-06-18,"gbif"
"Impatiens noli-tangere",46.97357,7.40578,2024-06-26,"gbif"
"Impatiens noli-tangere",46.92822,7.73407,2024-06-27,"gbif"
"Impatiens noli-tangere",47.0185,7.53728,2024-06-14,"gbif"
"Impatiens noli-tangere",46.56585,6.62347,2024-06-27,"gbif"
"Impatiens noli-tangere",46.92836,7.20885,2024-06-18,"gbif"
"Impatiens noli-tangere",46.38317,8.57606,2024-06-18,"gbif"
"Impatiens noli-tangere",46.61319,7.07965,2024-06-14,"gbif"
"Impatiens noli-tangere",46.70265,6.9483,2024-06-19,"gbif"
"Impatiens noli-tangere",47.10845,7.33982,2024-06-20,"gbif"
"Impatiens noli-tangere",46.88361,7.40583,2024-06-30,"gbif"
"Impatiens noli-tangere",47.60067,8.20321,2024-06-20,"gbif"
"Impatiens noli-tangere",46.79309,7.07845,2024-06-18,"gbif"
"Impatiens noli-tangere",46.79309,7.07845,2024-06-19,"gbif"
"Impatiens noli-tangere",46.77948,9.23926,2024-06-07,"gbif"
"Impatiens noli-tangere",46.78049,9.1738,2024-06-05,"gbif"
"Impatiens noli-tangere",46.77948,9.23926,2024-06-06,"gbif"
"Impatiens noli-tangere",46.77948,9.23926,2024-06-13,"gbif"
"Impatiens noli-tangere",47.3781,7.2069,2024-06-01,"gbif"
"Impatiens noli-tangere",46.73834,8.97614,2024-06-05,"gbif"
"Impatiens noli-tangere",47.447059,8.12136,2024-07-14,"gbif"
"Impatiens noli-tangere",47.16025,8.744384,2024-07-15,"gbif"
"Impatiens noli-tangere",46.918597,9.022989,2024-07-04,"gbif"
"Impatiens noli-tangere",46.521111,8.912778,2024-07-14,"gbif"
"Impatiens noli-tangere",47.423019,8.472447,2024-07-23,"gbif"
"Impatiens noli-tangere",46.990432,8.654456,2024-07-25,"gbif"
"Impatiens noli-tangere",47.018795,8.965887,2024-07-30,"gbif"
"Impatiens noli-tangere",46.873657,7.301433,2024-07-29,"gbif"
"Impatiens noli-tangere",47.404812,8.361379,2024-07-28,"gbif"
"Impatiens noli-tangere",47.496307,9.287659,2024-07-08,"gbif"
"Impatiens noli-tangere",47.107175,9.1335,2024-07-25,"gbif"
"Impatiens noli-tangere",47.030316,8.318973,2024-07-20,"gbif"
"Impatiens noli-tangere",47.46428,8.40021,2024-07-01,"gbif"
"Impatiens noli-tangere",47.28589,8.19871,2024-07-04,"gbif"
"Impatiens noli-tangere",46.88358,7.34024,2024-07-03,"gbif"
"Impatiens noli-tangere",47.46482,8.3339,2024-07-01,"gbif"
"Impatiens noli-tangere",46.77948,9.23926,2024-07-10,"gbif"
"Impatiens noli-tangere",47.23384,8.92435,2024-07-08,"gbif"
"Impatiens noli-tangere",46.70164,6.75217,2024-07-07,"gbif"
"Impatiens noli-tangere",46.83864,7.40586,2024-07-03,"gbif"
"Impatiens noli-tangere",47.51028,8.26829,2024-07-04,"gbif"
"Impatiens noli-tangere",47.10744,7.93268,2024-07-07,"gbif"
"Impatiens noli-tangere",47.51028,8.26829,2024-07-09,"gbif"
"Impatiens noli-tangere",47.24133,8.13203,2024-07-13,"gbif"
"Impatiens noli-tangere",46.92859,7.47146,2024-07-07,"gbif"
"Impatiens noli-tangere",47.09094,9.44734,2024-07-06,"gbif"
"Impatiens noli-tangere",47.28543,8.26479,2024-07-01,"gbif"
"Impatiens noli-tangere",46.79343,7.20943,2024-07-03,"gbif"
"Impatiens noli-tangere",47.00901,8.91813,2024-07-08,"gbif"
"Impatiens noli-tangere",47.28191,8.6613,2024-07-14,"gbif"
"Impatiens noli-tangere",46.29385,8.5093,2024-07-16,"gbif"
"Impatiens noli-tangere",46.69337,8.97486,2024-07-05,"gbif"
"Impatiens noli-tangere",47.05311,8.98516,2024-07-08,"gbif"
"Impatiens noli-tangere",46.83289,8.58556,2024-07-18,"gbif"
"Impatiens noli-tangere",46.74789,7.01332,2024-07-11,"gbif"
"Impatiens noli-tangere",46.90489,9.76863,2024-07-13,"gbif"
"Impatiens noli-tangere",47.0522,9.05096,2024-07-08,"gbif"
"Impatiens noli-tangere",46.47777,6.95034,2024-07-21,"gbif"
"Impatiens noli-tangere",47.37795,7.73656,2024-07-24,"gbif"
"Impatiens noli-tangere",47.33298,7.73631,2024-07-15,"gbif"
"Impatiens noli-tangere",47.33165,8.06705,2024-07-15,"gbif"
"Impatiens noli-tangere",46.78725,8.65008,2024-07-15,"gbif"
"Impatiens noli-tangere",47.46428,8.40021,2024-07-18,"gbif"
"Impatiens noli-tangere",47.0634,7.60318,2024-07-05,"gbif"
"Impatiens noli-tangere",47.41985,8.33314,2024-07-06,"gbif"
"Impatiens noli-tangere",46.83222,8.65109,2024-07-15,"gbif"
"Impatiens noli-tangere",46.15763,8.63609,2024-07-09,"gbif"
"Impatiens noli-tangere",47.04481,9.51143,2024-07-21,"gbif"
"Impatiens noli-tangere",47.41814,8.5319,2024-07-14,"gbif"
"Impatiens noli-tangere",47.68793,8.53747,2024-07-18,"gbif"
"Impatiens noli-tangere",46.77948,9.23926,2024-07-21,"gbif"
"Impatiens noli-tangere",46.74865,7.53679,2024-07-05,"gbif"
"Impatiens noli-tangere",46.83785,7.86466,2024-07-05,"gbif"
"Impatiens noli-tangere",46.8386,7.34032,2024-07-02,"gbif"
"Impatiens noli-tangere",47.0634,7.60318,2024-07-29,"gbif"
"Impatiens noli-tangere",46.56821,7.07995,2024-07-21,"gbif"
"Impatiens noli-tangere",46.47777,6.95034,2024-07-28,"gbif"
"Impatiens noli-tangere",47.04821,9.3141,2024-07-25,"gbif"
"Impatiens noli-tangere",46.7036,7.60208,2024-07-28,"gbif"
"Impatiens noli-tangere",46.83784,7.01261,2024-07-24,"gbif"
"Impatiens noli-tangere",46.88361,7.40583,2024-07-15,"gbif"
"Impatiens noli-tangere",47.37537,8.26619,2024-07-17,"gbif"
"Impatiens noli-tangere",46.90621,9.70304,2024-07-16,"gbif"
"Impatiens noli-tangere",47.37435,8.39859,2024-07-20,"gbif"
"Impatiens noli-tangere",46.3422,6.82167,2024-07-13,"gbif"
"Impatiens noli-tangere",46.32423,9.54888,2024-07-18,"gbif"
"Impatiens noli-tangere",46.32423,9.54888,2024-07-28,"gbif"
"Impatiens noli-tangere",46.34254,6.88661,2024-07-13,"gbif"
"Impatiens noli-tangere",46.96566,8.78552,2024-07-19,"gbif"
"Impatiens noli-tangere",47.33165,8.06705,2024-07-20,"gbif"
"Impatiens noli-tangere",46.38248,6.23624,2024-07-21,"gbif"
"Impatiens noli-tangere",47.46618,8.13496,2024-07-25,"gbif"
"Impatiens noli-tangere",47.18309,9.31883,2024-07-27,"gbif"
"Impatiens noli-tangere",46.74865,7.53679,2024-07-24,"gbif"
"Impatiens noli-tangere",46.5684,7.73211,2024-07-25,"gbif"
"Impatiens noli-tangere",47.23384,8.92435,2024-07-28,"gbif"
"Impatiens noli-tangere",46.97357,7.47149,2024-07-28,"gbif"
"Impatiens noli-tangere",46.56585,6.62347,2024-07-28,"gbif"
"Impatiens noli-tangere",46.83222,8.65109,2024-07-29,"gbif"
"Impatiens noli-tangere",47.14769,8.59231,2024-07-28,"gbif"
"Impatiens noli-tangere",47.23467,8.85834,2024-07-11,"gbif"
"Impatiens noli-tangere",47.28589,8.19871,2024-07-06,"gbif"
"Impatiens noli-tangere",46.79329,7.73333,2024-07-16,"gbif"
"Impatiens noli-tangere",46.871094,7.698342,2024-07-30,"gbif"
"Impatiens noli-tangere",46.869992,7.69947,2024-07-30,"gbif"
"Impatiens noli-tangere",47.076121,8.302132,2024-07-13,"gbif"
"Impatiens noli-tangere",46.65768,6.94871,2024-07-08,"gbif"
"Impatiens noli-tangere",46.5663,6.68868,2024-07-02,"gbif"
"Impatiens noli-tangere",46.5663,6.68868,2024-07-03,"gbif"
"Impatiens noli-tangere",46.65794,7.01403,2024-07-08,"gbif"
"Impatiens noli-tangere",46.5663,6.68868,2024-07-23,"gbif"
"Impatiens noli-tangere",46.83864,7.47141,2024-07-05,"gbif"
"Impatiens noli-tangere",46.56585,6.62347,2024-07-23,"gbif"
"Impatiens noli-tangere",47.23888,8.46219,2024-07-25,"gbif"
"Impatiens noli-tangere",47.60021,8.26969,2024-07-25,"gbif"
"Impatiens noli-tangere",46.33447,8.89976,2024-07-23,"gbif"
"Impatiens noli-tangere",47.5908,9.13381,2024-07-23,"gbif"
"Impatiens noli-tangere",46.675003,7.470604,2024-08-04,"gbif"
"Impatiens noli-tangere",47.159232,7.007001,2024-08-05,"gbif"
"Impatiens noli-tangere",47.384927,8.442049,2024-08-09,"gbif"
"Impatiens noli-tangere",47.149917,8.659194,2024-08-23,"gbif"
"Impatiens noli-tangere",46.922486,7.447658,2024-08-25,"gbif"
"Impatiens noli-tangere",47.27628,9.460597,2024-08-11,"gbif"
"Impatiens noli-tangere",47.447845,8.863181,2024-08-05,"gbif"
"Impatiens noli-tangere",46.88361,7.40583,2024-08-02,"gbif"
"Impatiens noli-tangere",46.16263,6.88844,2024-08-06,"gbif"
"Impatiens noli-tangere",47.01278,8.58941,2024-08-13,"gbif"
"Impatiens noli-tangere",47.27881,8.92561,2024-08-13,"gbif"
"Impatiens noli-tangere",47.0121,8.65515,2024-08-14,"gbif"
"Impatiens noli-tangere",46.83289,8.58556,2024-08-07,"gbif"
"Impatiens noli-tangere",47.33332,7.53785,2024-08-11,"gbif"
"Impatiens noli-tangere",47.10453,8.39375,2024-08-02,"gbif"
"Impatiens noli-tangere",46.33272,9.02961,2024-08-12,"gbif"
"Impatiens noli-tangere",47.37795,7.14069,2024-08-15,"gbif"
"Impatiens noli-tangere",46.70367,7.34057,2024-08-07,"gbif"
"Impatiens noli-tangere",46.92859,7.40581,2024-08-09,"gbif"
"Impatiens noli-tangere",46.78792,8.5846,2024-08-07,"gbif"
"Impatiens noli-tangere",46.97357,7.40578,2024-08-10,"gbif"
"Impatiens noli-tangere",47.0121,8.65515,2024-08-16,"gbif"
"Impatiens noli-tangere",47.36873,8.92811,2024-08-20,"gbif"
"Impatiens noli-tangere",47.0185,7.53728,2024-08-21,"gbif"
"Impatiens noli-tangere",47.28733,7.93434,2024-08-11,"gbif"
"Impatiens noli-tangere",46.73237,9.36855,2024-08-08,"gbif"
"Impatiens noli-tangere",46.38104,8.77101,2024-08-16,"gbif"
"Impatiens noli-tangere",46.61319,7.07965,2024-08-19,"gbif"
"Impatiens noli-tangere",46.51807,6.29839,2024-08-31,"gbif"
"Impatiens noli-tangere",46.65873,7.4713,2024-08-04,"gbif"
"Impatiens noli-tangere",46.16263,6.88844,2024-08-28,"gbif"
"Impatiens noli-tangere",46.16229,6.82371,2024-08-13,"gbif"
"Impatiens noli-tangere",46.61127,6.68805,2024-08-28,"gbif"
"Impatiens noli-tangere",47.10397,8.45962,2024-08-18,"gbif"
"Impatiens noli-tangere",46.56855,7.21038,2024-08-17,"gbif"
"Impatiens noli-tangere",46.96962,8.39135,2024-08-23,"gbif"
"Impatiens noli-tangere",47.28324,8.52914,2024-08-26,"gbif"
"Impatiens noli-tangere",47.01606,8.19489,2024-08-31,"gbif"
"Impatiens noli-tangere",46.74865,7.34049,2024-08-04,"gbif"
"Impatiens noli-tangere",47.00814,8.98387,2024-08-04,"gbif"
"Impatiens noli-tangere",47.14769,8.59231,2024-08-01,"gbif"
"Impatiens noli-tangere",46.88067,6.61869,2024-08-31,"gbif"
"Impatiens noli-tangere",47.01843,7.27422,2024-08-12,"gbif"
"Impatiens noli-tangere",46.56798,7.01474,2024-08-11,"gbif"
"Impatiens noli-tangere",46.9111,9.44062,2024-08-11,"gbif"
"Impatiens noli-tangere",47.19708,7.99949,2024-08-04,"gbif"
"Impatiens noli-tangere",47.14701,8.65822,2024-08-15,"gbif"
"Impatiens noli-tangere",47.01459,8.39215,2024-08-10,"gbif"
"Impatiens noli-tangere",46.33529,8.83484,2024-08-12,"gbif"
"Impatiens noli-tangere",46.33607,8.76991,2024-08-14,"gbif"
"Impatiens noli-tangere",47.19595,8.19743,2024-08-20,"gbif"
"Impatiens noli-tangere",47.31573,9.45581,2024-08-28,"gbif"
"Impatiens noli-tangere",47.19708,7.99949,2024-08-22,"gbif"
"Impatiens noli-tangere",46.15192,9.08906,2024-08-11,"gbif"
"Impatiens noli-tangere",46.70236,7.99435,2024-08-22,"gbif"
"Impatiens noli-tangere",47.3781,7.2069,2024-08-08,"gbif"
"Impatiens noli-tangere",47.50978,8.33465,2024-08-06,"gbif"
"Impatiens noli-tangere",47.2433,7.27353,2024-08-12,"gbif"
"Impatiens noli-tangere",47.28759,7.00901,2024-08-14,"gbif"
"Impatiens noli-tangere",46.73834,8.97614,2024-08-12,"gbif"
"Impatiens noli-tangere",47.06246,6.945,2024-08-27,"gbif"
"Impatiens noli-tangere",47.32104,9.12523,2024-08-16,"gbif"
"Impatiens noli-tangere",47.23384,8.92435,2024-08-09,"gbif"
"Impatiens noli-tangere",47.01843,7.60304,2024-08-30,"gbif"
"Impatiens noli-tangere",47.40895,9.26054,2024-08-04,"gbif"
"Impatiens noli-tangere",47.00532,9.18107,2024-08-28,"gbif"
"Impatiens noli-tangere",46.69423,8.9095,2024-08-12,"gbif"
"Impatiens noli-tangere",47.06348,7.3399,2024-08-02,"gbif"
"Impatiens noli-tangere",47.37435,8.39859,2024-08-20,"gbif"
"Impatiens noli-tangere",47.10849,7.40569,2024-08-27,"gbif"
"Impatiens noli-tangere",46.56585,6.62347,2024-08-11,"gbif"
"Impatiens noli-tangere",47.106,8.19615,2024-08-04,"gbif"
"Impatiens noli-tangere",47.50183,9.06459,2024-08-30,"gbif"
"Impatiens noli-tangere",47.24319,7.66977,2024-08-08,"gbif"
"Impatiens noli-tangere",46.427656,6.96099,2024-08-12,"gbif"
"Impatiens noli-tangere",46.596795,7.702947,2024-09-01,"gbif"
"Impatiens noli-tangere",46.971722,8.012081,2024-09-05,"gbif"
"Impatiens noli-tangere",46.65862,7.60195,2024-09-01,"gbif"
"Impatiens noli-tangere",46.8835,7.27464,2024-09-02,"gbif"
"Impatiens noli-tangere",46.56304,6.29744,2024-09-01,"gbif"
"Impatiens noli-tangere",46.92855,7.34015,2024-09-04,"gbif"
"Impatiens noli-tangere",46.52132,6.6893,2024-09-01,"gbif"
"Impatiens noli-tangere",47.42292,7.73681,2024-09-12,"gbif"
"Impatiens noli-tangere",46.51807,6.29839,2024-09-01,"gbif"
"Impatiens noli-tangere",46.92855,7.34015,2024-09-05,"gbif"
"Impatiens noli-tangere",47.51028,8.26829,2024-09-21,"gbif"
"Impatiens noli-tangere",46.43279,6.95074,2024-09-21,"gbif"
"Impatiens noli-tangere",46.51807,6.29839,2024-09-25,"gbif"
"Impatiens noli-tangere",47.37253,8.59717,2024-09-05,"gbif"
"Impatiens noli-tangere",46.61169,6.75332,2024-09-24,"gbif"
"Impatiens noli-tangere",46.7036,7.60208,2024-09-06,"gbif"
"Impatiens noli-tangere",47.06348,7.53736,2024-09-19,"gbif"
"Impatiens noli-tangere",47.24284,7.07541,2024-09-24,"gbif"
"Impatiens noli-tangere",46.79362,7.53687,2024-09-25,"gbif"
"Impatiens noli-tangere",47.42319,7.60428,2024-09-14,"gbif"
"Impatiens noli-tangere",47.51028,8.26829,2024-09-07,"gbif"
"Impatiens noli-tangere",47.51028,8.26829,2024-09-25,"gbif"
"Impatiens noli-tangere",46.73834,8.97614,2024-09-29,"gbif"
"Impatiens noli-tangere",47.27794,8.99168,2024-09-10,"gbif"
"Impatiens noli-tangere",46.97319,7.73432,2024-09-22,"gbif"
"Impatiens noli-tangere",47.3254,8.7946,2024-09-05,"gbif"
"Impatiens noli-tangere",46.78049,9.1738,2024-09-01,"gbif"
"Impatiens noli-tangere",46.88358,7.34024,2024-09-15,"gbif"
"Impatiens noli-tangere",47.19447,8.39536,2024-09-19,"gbif"
"Impatiens noli-tangere",47.28816,7.20729,2024-09-22,"gbif"
"Impatiens noli-tangere",47.51073,8.20192,2024-09-20,"gbif"
"Impatiens noli-tangere",47.51028,8.26829,2024-09-02,"gbif"
"Impatiens noli-tangere",46.97013,6.55161,2024-09-07,"gbif"
"Impatiens noli-tangere",46.16319,7.01789,2024-09-24,"gbif"
"Impatiens noli-tangere",47.039908,9.380009,2024-09-03,"gbif"
"Impatiens noli-tangere",47.089536,7.389053,2024-09-10,"gbif"
"Impatiens noli-tangere",47.15052,8.26271,2024-09-25,"gbif"
"Impatiens noli-tangere",46.92803,7.79972,2024-09-17,"gbif"
"Impatiens noli-tangere",47.41282,8.99561,2024-09-02,"gbif"
"Impatiens noli-tangere",47.5565,8.06971,2024-10-07,"gbif"
"Impatiens noli-tangere",47.42224,7.93559,2024-10-06,"gbif"
"Impatiens noli-tangere",47.1077,7.8668,2024-10-19,"gbif"
"Impatiens noli-tangere",47.51028,8.26829,2024-10-11,"gbif"
"Impatiens noli-tangere",46.8835,7.60263,2024-10-20,"gbif"
"Impatiens noli-tangere",47.19765,7.86752,2024-10-02,"gbif"
"Impatiens noli-tangere",47.01561,8.26064,2024-10-03,"gbif"
"Impatiens noli-tangere",47.15241,7.93309,2024-10-16,"gbif"
"Impatiens noli-tangere",46.604683,6.701747,2023-04-26,"gbif"
"Impatiens noli-tangere",47.06246,7.93226,2023-05-29,"gbif"
"Impatiens noli-tangere",46.83852,7.27478,2023-05-27,"gbif"
"Impatiens noli-tangere",46.88339,7.20904,2023-05-10,"gbif"
"Impatiens noli-tangere",47.31903,9.25747,2023-05-21,"gbif"
"Impatiens noli-tangere",46.65666,6.75274,2023-05-12,"gbif"
"Impatiens noli-tangere",47.51028,8.26829,2023-05-19,"gbif"
"Impatiens noli-tangere",47.36786,8.9943,2023-05-28,"gbif"
"Impatiens noli-tangere",47.06314,7.73481,2023-05-26,"gbif"
"Impatiens noli-tangere",46.28682,9.09315,2023-05-15,"gbif"
"Impatiens noli-tangere",47.19765,7.86752,2023-05-17,"gbif"
"Impatiens noli-tangere",46.74857,7.60222,2023-05-22,"gbif"
"Impatiens noli-tangere",46.82001,9.50277,2023-05-30,"gbif"
"Impatiens noli-tangere",47.46577,8.20127,2023-05-05,"gbif"
"Impatiens noli-tangere",46.8835,7.27464,2023-05-27,"gbif"
"Impatiens noli-tangere",47.7335,8.47176,2023-05-14,"gbif"
"Impatiens noli-tangere",46.88358,7.53703,2023-05-19,"gbif"
"Impatiens noli-tangere",47.45592,9.12951,2023-05-23,"gbif"
"Impatiens noli-tangere",47.42194,8.00185,2023-05-13,"gbif"
"Impatiens noli-tangere",47.19765,7.86752,2023-05-15,"gbif"
"Impatiens noli-tangere",47.1068,8.06442,2023-05-15,"gbif"
"Impatiens noli-tangere",47.63576,9.13524,2023-05-18,"gbif"
"Impatiens noli-tangere",47.15309,7.73531,2023-05-16,"gbif"
"Impatiens noli-tangere",47.14833,8.52639,2023-05-26,"gbif"
"Impatiens noli-tangere",47.4137,8.92937,2023-05-24,"gbif"
"Impatiens noli-tangere",47.28827,7.27339,2023-05-20,"gbif"
"Impatiens noli-tangere",47.06216,7.99808,2023-05-22,"gbif"
"Impatiens noli-tangere",47.19595,8.19743,2023-05-15,"gbif"
"Impatiens noli-tangere",47.63762,9.00221,2023-05-25,"gbif"
"Impatiens noli-tangere",47.58878,9.26672,2023-05-24,"gbif"
"Impatiens noli-tangere",47.24338,7.53769,2023-05-05,"gbif"
"Impatiens noli-tangere",47.28668,8.06652,2023-05-23,"gbif"
"Impatiens noli-tangere",47.41932,8.3994,2023-05-11,"gbif"
"Impatiens noli-tangere",47.14391,8.92186,2023-05-03,"gbif"
"Impatiens noli-tangere",47.46482,8.3339,2023-05-08,"gbif"
"Impatiens noli-tangere",47.40998,9.19431,2023-05-24,"gbif"
"Impatiens noli-tangere",47.37776,7.80276,2023-05-24,"gbif"
"Impatiens noli-tangere",47.24205,7.99996,2023-05-16,"gbif"
"Impatiens noli-tangere",47.54771,8.99956,2023-05-24,"gbif"
"Impatiens noli-tangere",47.15267,7.86716,2023-06-03,"gbif"
"Impatiens noli-tangere",47.18415,9.25288,2023-06-12,"gbif"
"Impatiens noli-tangere",47.41985,8.33314,2023-06-14,"gbif"
"Impatiens noli-tangere",46.79355,7.60236,2023-06-19,"gbif"
"Impatiens noli-tangere",47.24236,7.93392,2023-06-04,"gbif"
"Impatiens noli-tangere",47.106,8.19615,2023-06-07,"gbif"
"Impatiens noli-tangere",47.28702,8.00043,2023-06-29,"gbif"
"Impatiens noli-tangere",46.7036,7.60208,2023-06-23,"gbif"
"Impatiens noli-tangere",45.928,9.01784,2023-06-10,"gbif"
"Impatiens noli-tangere",46.92517,8.32491,2023-06-26,"gbif"
"Impatiens noli-tangere",47.23013,9.1884,2023-06-13,"gbif"
"Impatiens noli-tangere",47.18415,9.25288,2023-06-04,"gbif"
"Impatiens noli-tangere",46.79362,7.53687,2023-06-12,"gbif"
"Impatiens noli-tangere",47.22695,9.38641,2023-06-14,"gbif"
"Impatiens noli-tangere",46.7392,8.91073,2023-06-02,"gbif"
"Impatiens noli-tangere",47.06314,7.73481,2023-06-13,"gbif"
"Impatiens noli-tangere",46.65581,8.25517,2023-06-20,"gbif"
"Impatiens noli-tangere",47.19765,7.86752,2023-06-03,"gbif"
"Impatiens noli-tangere",46.83807,7.07815,2023-06-03,"gbif"
"Impatiens noli-tangere",46.56671,6.75389,2023-06-12,"gbif"
"Impatiens noli-tangere",47.42251,7.86933,2023-06-25,"gbif"
"Impatiens noli-tangere",47.195,8.32938,2023-06-15,"gbif"
"Impatiens noli-tangere",46.47803,7.01544,2023-06-18,"gbif"
"Impatiens noli-tangere",46.88339,7.20904,2023-06-21,"gbif"
"Impatiens noli-tangere",47.42292,7.73681,2023-06-28,"gbif"
"Impatiens noli-tangere",46.69423,8.9095,2023-06-02,"gbif"
"Impatiens noli-tangere",47.55612,8.13614,2023-06-04,"gbif"
"Impatiens noli-tangere",47.19765,7.86752,2023-06-04,"gbif"
"Impatiens noli-tangere",47.10714,7.99855,2023-06-26,"gbif"
"Impatiens noli-tangere",47.37583,8.19999,2023-06-29,"gbif"
"Impatiens noli-tangere",46.65666,6.75274,2023-06-09,"gbif"
"Impatiens noli-tangere",46.42266,9.03224,2023-06-22,"gbif"
"Impatiens noli-tangere",47.37488,8.33239,2023-06-29,"gbif"
"Impatiens noli-tangere",46.73834,8.97614,2023-06-07,"gbif"
"Impatiens noli-tangere",46.73834,8.97614,2023-06-06,"gbif"
"Impatiens noli-tangere",47.04926,9.24832,2023-06-22,"gbif"
"Impatiens noli-tangere",47.01606,8.19489,2023-06-07,"gbif"
"Impatiens noli-tangere",46.87648,8.71768,2023-06-05,"gbif"
"Impatiens noli-tangere",47.09423,9.24984,2023-06-04,"gbif"
"Impatiens noli-tangere",46.33607,8.76991,2023-06-06,"gbif"
"Impatiens noli-tangere",46.35849,8.793272,2023-07-15,"gbif"
"Impatiens noli-tangere",46.304657,9.118426,2023-07-30,"gbif"
"Impatiens noli-tangere",47.017578,6.835847,2023-07-30,"gbif"
"Impatiens noli-tangere",46.52368,7.60154,2023-07-18,"gbif"
"Impatiens noli-tangere",47.51028,8.26829,2023-07-07,"gbif"
"Impatiens noli-tangere",47.18415,9.25288,2023-07-17,"gbif"
"Impatiens noli-tangere",47.51028,8.26829,2023-07-16,"gbif"
"Impatiens noli-tangere",46.29834,7.08174,2023-07-15,"gbif"
"Impatiens noli-tangere",46.97251,7.93144,2023-07-01,"gbif"
"Impatiens noli-tangere",46.88339,7.20904,2023-07-17,"gbif"
"Impatiens noli-tangere",46.07323,7.01859,2023-07-08,"gbif"
"Impatiens noli-tangere",46.11821,7.01824,2023-07-23,"gbif"
"Impatiens noli-tangere",46.74868,7.47135,2023-07-18,"gbif"
"Impatiens noli-tangere",47.09623,9.11815,2023-07-22,"gbif"
"Impatiens noli-tangere",46.25337,7.08203,2023-07-15,"gbif"
"Impatiens noli-tangere",46.7036,7.60208,2023-07-09,"gbif"
"Impatiens noli-tangere",46.56855,7.21038,2023-07-21,"gbif"
"Impatiens noli-tangere",46.70367,7.53671,2023-07-11,"gbif"
"Impatiens noli-tangere",47.5565,8.06971,2023-07-20,"gbif"
"Impatiens noli-tangere",47.06352,7.40572,2023-07-20,"gbif"
"Impatiens noli-tangere",47.1905,8.79118,2023-07-10,"gbif"
"Impatiens noli-tangere",47.45493,9.1958,2023-07-04,"gbif"
"Impatiens noli-tangere",47.0185,7.53728,2023-07-23,"gbif"
"Impatiens noli-tangere",47.32821,8.53006,2023-07-06,"gbif"
"Impatiens noli-tangere",46.87324,8.97999,2023-07-18,"gbif"
"Impatiens noli-tangere",46.61127,6.68805,2023-07-14,"gbif"
"Impatiens noli-tangere",47.00102,9.44397,2023-07-16,"gbif"
"Impatiens noli-tangere",46.79159,6.75102,2023-07-11,"gbif"
"Impatiens noli-tangere",47.10679,6.81284,2023-07-09,"gbif"
"Impatiens noli-tangere",47.18415,9.25288,2023-07-13,"gbif"
"Impatiens noli-tangere",46.8386,7.34032,2023-07-08,"gbif"
"Impatiens noli-tangere",46.38317,8.57606,2023-07-22,"gbif"
"Impatiens noli-tangere",46.79362,7.53687,2023-07-01,"gbif"
"Impatiens noli-tangere",46.90993,9.50623,2023-07-03,"gbif"
"Impatiens noli-tangere",47.33165,8.06705,2023-07-19,"gbif"
"Impatiens noli-tangere",47.01646,6.74814,2023-07-20,"gbif"
"Impatiens noli-tangere",47.01646,6.74814,2023-07-17,"gbif"
"Impatiens noli-tangere",46.69337,8.97486,2023-07-09,"gbif"
"Impatiens noli-tangere",46.73744,9.04154,2023-07-07,"gbif"
"Impatiens noli-tangere",47.18309,9.31883,2023-07-12,"gbif"
"Impatiens noli-tangere",47.19391,8.46133,2023-07-03,"gbif"
"Impatiens noli-tangere",46.79329,7.73333,2023-07-03,"gbif"
"Impatiens noli-tangere",47.51301,7.67094,2023-07-11,"gbif"
"Impatiens noli-tangere",47.23013,9.1884,2023-07-11,"gbif"
"Impatiens noli-tangere",46.83808,7.79912,2023-07-06,"gbif"
"Impatiens noli-tangere",47.22695,9.38641,2023-07-14,"gbif"
"Impatiens noli-tangere",46.52323,7.08025,2023-07-20,"gbif"
"Impatiens noli-tangere",47.51028,8.26829,2023-07-14,"gbif"
"Impatiens noli-tangere",47.46804,7.67074,2023-07-22,"gbif"
"Impatiens noli-tangere",47.01843,7.60304,2023-07-27,"gbif"
"Impatiens noli-tangere",46.83864,7.47141,2023-07-27,"gbif"
"Impatiens noli-tangere",46.7036,7.60208,2023-07-31,"gbif"
"Impatiens noli-tangere",47.09524,9.184,2023-07-08,"gbif"
"Impatiens noli-tangere",47.09317,9.31567,2023-07-08,"gbif"
"Impatiens noli-tangere",46.3838,8.51107,2023-07-05,"gbif"
"Impatiens noli-tangere",46.96566,8.78552,2023-07-26,"gbif"
"Impatiens noli-tangere",47.51073,8.20192,2023-07-20,"gbif"
"Impatiens noli-tangere",46.7036,7.60208,2023-07-27,"gbif"
"Impatiens noli-tangere",46.61337,7.14492,2023-07-17,"gbif"
"Impatiens noli-tangere",47.23467,8.85834,2023-07-27,"gbif"
"Impatiens noli-tangere",47.32821,8.53006,2023-07-24,"gbif"
"Impatiens noli-tangere",46.87851,8.52093,2023-07-27,"gbif"
"Impatiens noli-tangere",46.96642,8.71983,2023-07-28,"gbif"
"Impatiens noli-tangere",46.56855,7.21038,2023-07-27,"gbif"
"Impatiens noli-tangere",46.70367,7.53671,2023-07-27,"gbif"
"Impatiens noli-tangere",46.7036,7.60208,2023-07-28,"gbif"
"Impatiens noli-tangere",46.7003,8.32122,2023-07-23,"gbif"
"Impatiens noli-tangere",46.65666,6.75274,2023-07-31,"gbif"
"Impatiens noli-tangere",46.78653,8.71555,2023-07-31,"gbif"
"Impatiens noli-tangere",46.52132,6.6893,2023-07-27,"gbif"
"Impatiens noli-tangere",47.04711,9.37988,2023-07-23,"gbif"
"Impatiens noli-tangere",46.65626,8.18985,2023-07-25,"gbif"
"Impatiens noli-tangere",47.41932,8.3994,2023-07-24,"gbif"
"Impatiens noli-tangere",47.025515,7.408324,2023-07-30,"gbif"
"Impatiens noli-tangere",47.166461,7.446725,2023-07-31,"gbif"
"Impatiens noli-tangere",47.50674,8.66647,2023-07-02,"gbif"
"Impatiens noli-tangere",46.16397,7.40628,2023-07-14,"gbif"
"Impatiens noli-tangere",46.20895,7.40625,2023-07-14,"gbif"
"Impatiens noli-tangere",46.20895,7.40625,2023-07-13,"gbif"
"Impatiens noli-tangere",46.919922,7.407092,2023-08-02,"gbif"
"Impatiens noli-tangere",46.941739,8.995322,2023-08-10,"gbif"
"Impatiens noli-tangere",46.165681,6.865967,2023-08-08,"gbif"
"Impatiens noli-tangere",46.748676,7.746777,2023-08-12,"gbif"
"Impatiens noli-tangere",47.4225587451,8.4561024607,2025-08-16,"inat"
"Impatiens noli-tangere",46.4276563222,6.9609897278,2024-08-12,"inat"
"Impatiens noli-tangere",47.3491973489,8.5143072039,2021-09-23,"inat"
"Impatiens noli-tangere",47.0308056031,8.311854606,2025-10-04,"inat"
"Impatiens noli-tangere",47.2918702096,8.6723877205,2025-08-26,"inat"
"Impatiens noli-tangere",47.0304545901,8.311425465,2025-09-15,"inat"
"Impatiens noli-tangere",47.031096269,8.3112001466,2025-09-13,"inat"
"Impatiens noli-tangere",47.0310816411,8.3107280748,2025-09-13,"inat"
"Impatiens noli-tangere",46.7787157,7.17267791,2025-09-13,"inat"
"Impatiens noli-tangere",47.4078598022,8.964931488,2025-09-07,"inat"
"Impatiens noli-tangere",47.4650333333,9.1673916667,2025-09-06,"inat"
"Impatiens noli-tangere",47.52293396,7.5313982964,2025-08-22,"inat"
"Impatiens noli-tangere",47.07679719,8.93646601,2025-08-17,"inat"
"Impatiens noli-tangere",46.6868128708,9.4119341299,2025-08-11,"inat"
"Impatiens noli-tangere",46.4645393,7.12163758,2025-08-07,"inat"
"Impatiens noli-tangere",47.1508111522,8.241062378,2022-09-30,"inat"
"Impatiens noli-tangere",46.6124461656,6.7017053385,2025-07-22,"inat"
"Impatiens noli-tangere",47.0411658056,8.2558305833,2025-07-16,"inat"
"Impatiens noli-tangere",47.000356442,6.8818339745,2025-07-15,"inat"
"Impatiens noli-tangere",46.752955,7.7195383333,2025-07-12,"inat"
"Impatiens noli-tangere",46.8170184022,7.3438175395,2025-07-07,"inat"
"Impatiens noli-tangere",47.6218322783,8.8804571948,2025-06-12,"inat"
"Impatiens noli-tangere",46.9224861,7.4476583333,2024-08-25,"inat"
"Impatiens noli-tangere",47.52883328,7.62902416,2024-09-06,"inat"
"Impatiens noli-tangere",47.1499165548,8.6591936702,2024-08-23,"inat"
"Impatiens noli-tangere",46.4862533333,7.552505,2024-08-21,"inat"
"Impatiens noli-tangere",47.1592319422,7.0070012165,2024-08-05,"inat"
"Impatiens noli-tangere",46.675003,7.4706035833,2024-08-04,"inat"
"Impatiens noli-tangere",47.29985,8.6638333333,2024-08-05,"inat"
"Impatiens noli-tangere",47.447845459,8.8631811142,2024-08-05,"inat"
"Impatiens noli-tangere",47.0187945,8.9658866667,2024-07-30,"inat"
"Impatiens noli-tangere",46.99043201,8.65445597,2024-07-25,"inat"
"Impatiens noli-tangere",47.42301879,8.4724474,2024-07-23,"inat"
"Impatiens noli-tangere",47.1602498376,8.7443842328,2024-07-15,"inat"
"Impatiens noli-tangere",46.9185972222,9.0229888889,2024-07-04,"inat"
"Impatiens noli-tangere",47.1474138333,9.4704033333,2024-07-15,"inat"
"Impatiens noli-tangere",46.5701919505,6.7434741184,2024-07-15,"inat"
"Impatiens noli-tangere",47.4470594,8.1213601,2024-07-14,"inat"
"Impatiens noli-tangere",46.5211111111,8.9127777778,2024-07-14,"inat"
"Impatiens noli-tangere",47.2054901405,7.4418196775,2023-07-30,"inat"
"Impatiens noli-tangere",46.7699989757,8.753333129,2023-09-02,"inat"
"Impatiens noli-tangere",46.1656805556,6.8659666667,2023-08-08,"inat"
"Impatiens noli-tangere",46.7486756462,7.7467770261,2023-08-12,"inat"
"Impatiens noli-tangere",46.784694635,6.7447012967,2023-08-11,"inat"
"Impatiens noli-tangere",46.9417388889,8.9953222222,2023-08-10,"inat"
"Impatiens noli-tangere",46.8294165821,7.69177448,2023-07-14,"inat"
"Impatiens noli-tangere",46.919921875,7.4070920944,2023-08-02,"inat"
"Impatiens noli-tangere",47.0175776389,6.8358470278,2023-07-30,"inat"
"Impatiens noli-tangere",46.3046569824,9.1184263229,2023-07-30,"inat"
"Impatiens noli-tangere",46.3584899902,8.7932720184,2023-07-15,"inat"
"Impatiens noli-tangere",46.813107888,7.7257557745,2022-07-14,"inat"
"Impatiens noli-tangere",47.1265530151,6.9477957162,2020-07-12,"inat"
"Impatiens noli-tangere",47.452275,8.4908111111,2022-09-02,"inat"
"Impatiens noli-tangere",47.2560152326,8.4661378712,2022-09-03,"inat"
"Impatiens noli-tangere",46.4698947728,7.1530563396,2022-08-05,"inat"
"Impatiens noli-tangere",47.4640033333,9.5289533333,2022-08-26,"inat"
"Impatiens noli-tangere",47.243417,8.4469203997,2022-08-17,"inat"
"Impatiens noli-tangere",47.61928502,8.8932303601,2022-08-06,"inat"
"Impatiens noli-tangere",46.6050376464,10.4218598362,2022-08-16,"inat"
"Impatiens noli-tangere",47.201675,9.3118083333,2022-08-09,"inat"
"Impatiens noli-tangere",46.558889,6.6931039722,2022-07-13,"inat"
"Impatiens noli-tangere",46.2381384708,8.517851363,2022-07-18,"inat"
"Impatiens noli-tangere",47.0068445764,7.9517593687,2022-07-14,"inat"
"Impatiens noli-tangere",47.0787024,8.0988915,2022-07-14,"inat"
"Impatiens noli-tangere",46.9011004657,6.9458205494,2022-07-13,"inat"
"Impatiens noli-tangere",47.400309763,8.5614116862,2022-06-30,"inat"
"Impatiens noli-tangere",46.5564666667,7.9003777778,2022-06-24,"inat"
"Impatiens noli-tangere",47.3789919722,8.817249,2022-05-26,"inat"
"Impatiens noli-tangere",47.400364,7.587453,2021-07-28,"inat"
"Impatiens noli-tangere",47.3881536554,8.5142197375,2021-10-29,"inat"
"Impatiens noli-tangere",47.0298841639,8.3114254596,2021-09-25,"inat"
"Impatiens noli-tangere",47.3911961,8.2513506997,2021-09-01,"inat"
"Impatiens noli-tangere",47.430582231,7.7333647749,2021-09-16,"inat"
"Impatiens noli-tangere",47.0286555701,8.3105671049,2021-09-13,"inat"
"Impatiens noli-tangere",47.1606,8.74653,2021-09-07,"inat"
"Impatiens noli-tangere",47.4170194444,9.4119777778,2021-09-04,"inat"
"Impatiens noli-tangere",46.9450561112,8.5052323267,2021-09-02,"inat"
"Impatiens noli-tangere",47.0394444444,9.0319444444,2021-09-01,"inat"
"Impatiens noli-tangere",47.4446805956,8.7499109074,2021-08-31,"inat"
"Impatiens noli-tangere",46.8008194444,7.7790055556,2021-08-30,"inat"
"Impatiens noli-tangere",46.8696154659,7.3584847223,2021-08-30,"inat"
"Impatiens noli-tangere",47.4469733871,8.1211609393,2021-08-29,"inat"
"Impatiens noli-tangere",46.682596,9.450688,2021-08-29,"inat"
"Impatiens noli-tangere",47.2083115782,8.6722559854,2021-08-29,"inat"
"Impatiens noli-tangere",46.9705528985,7.2549588241,2021-08-28,"inat"
"Impatiens noli-tangere",46.9152946766,7.3876616352,2021-08-28,"inat"
